:020000040800F2
:10000000301000203D680008A1100008A31000086F
:10001000A5100008A7100008A910000800000000A3
:10002000000000000000000000000000AB1000080D
:10003000AD10000800000000AF100008B11000086B
:100040005768000857680008576800085768000894
:100050005768000857680008576800085768000884
:1000600057680008B11C0008576800085768000866
:100070005768000857680008576800085768000864
:100080005768000857680008576800085768000854
:100090005768000857680008576800085768000844
:1000A0005768000857680008576800085768000834
:1000B00057680008338D0008576800085768000823
:1000C0005768000857680008576800085768000814
:1000D0005768000851430008C948000847640008F1
:1000E00057680008576800085768000857680008F4
:1000F00057680008576800085768000857680008E4
:1001000057680008576800085768000857680008D3
:10011000634F000833460008298E00082159000863
:1001200057680008576800085768000857680008B3
:1001300057680008576800085768000857680008A3
:100140005768000857680008576800085768000893
:1001500057680008576800089F4400081386000885
:100160005768000857680008576800085768000873
:100170005768000857680008576800085768000863
:100180005768000857680008DFF80CD009F0E6F956
:10019000004800479D010008301000202DED0E8B17
:1001A000CAB02022FD4942A808F052FE00242021B6
:1001B00038A808F066FE202130A808F062FE202151
:1001C00028A808F05EFE002500264FF4A06006F087
:1001D00047FBA82006F044FA4FF4E137384606F012
:1001E000A5FA4FF4165004F0E3FD04F003F8384686
:1001F00004F0B8F94FF4964004F062FE05F057FBA6
:1002000008F090FC01F01EF801F039F8DFF8909347
:100210000120C9F8A802C9F8A0020021C9F89C125F
:10022000C9F89802DF4A1060DF48C0F88C1205F068
:10023000C4FD05F0A5FB01F057FD5321FA2001F0A4
:10024000A7FBDA4F0021384607F002F900213846B3
:1002500007F000F90021384607F0FEF80021384683
:1002600007F0FCF84FF47A7006F03BFA4FF4FA7A94
:10027000504606F036FA0027DFF8348398F801007C
:1002800008B905F0AFFF98F80100012801D104F08A
:10029000F5FD7F1C022FF1DBC64F9DED420B97ED64
:1002A000001B53EC102B51EC110B08F096FE98ED4F
:1002B000068B53EC182B08F008FFCDE938019DEDB3
:1002C000440B97ED021B53EC102B51EC110B08F073
:1002D00084FE53EC182B08F0F8FECDE93A019DEDB1
:1002E000460B97ED041B53EC102B51EC110B08F04F
:1002F00074FE53EC182B08F0E8FECDE93C019DEDAF
:10030000480B97ED061B53EC102B51EC110B08F02A
:1003100064FE53EC182B08F0D8FECDE93E0100270F
:10032000F8B204F043FE0A2006F0DBF97F1C062F2A
:10033000F6DB0027F8B204F05DFE0A2006F0D1F9E2
:100340007F1C062FF6DB00279949F8B2896804F074
:1003500075FE0A2006F0C5F97F1C062FF4DB514616
:10036000042005F0F7FA94480068012803D1012120
:10037000924806F039FF9FED92BB9FED938B944F0F
:100380009FED94CB9FED95DB9FED96EBFDE3002574
:100390004FF0010808F0FF0004F02CFE0A2006F0E0
:1003A000A0F908F10108B8F1050FF3DBDFF83C9282
:1003B00099F8000000287CD14FF4487ADFF83082A9
:1003C00025E003F054FE002001F052F887ED008B89
:1003D00087ED028B87ED048B87ED068B854880EDDA
:1003E000008B80ED028B80ED048B80ED068B82A06C
:1003F00009F0F2F885A120A809F0FEF820A804F081
:100400002AFA322006F06DF987480A210170D8F8DF
:100410001000504503DA99F800000028D1D08CBBB9
:10042000DFF804A200218AF80010D8F8102040F26A
:100430004C40824201DA4FF0010423DD8B461CE080
:1004400003F015FE05F099FA78A009F0C5F87FA130
:1004500020A809F0D1F820A804F0FDF90A2006F040
:1004600040F90B208AF80000D8F8101040F24C40F8
:10047000814202DA01248AF800B01CB999F8000020
:100480000028DDD005F079FA03F0F1FDD8F810105E
:1004900040F24C40814208DA87ED008B87ED028BF9
:1004A00087ED048B87ED068B03E03E490120183968
:1004B000086099F80000012803D105F05EFA03F006
:1004C000D6FDDFF8EC9099F8000001F0BAF80928A1
:1004D0000AD287ED008B87ED028B87ED048B87EDC9
:1004E000068B64A009F078F899F80600012822D15B
:1004F000D9F80C0008F0AEFEDFF89C8198ED001BE7
:1005000053EC112B08F0D2FE15D8D9F80C0008F0E6
:10051000A1FE98ED001B53EC112B08F0C7FE0AD882
:1005200087ED008B87ED028B87ED048B87ED068BC3
:100530005AA009F051F8DFF8BC8053EC1B2B98ED62
:10054000000B51EC100B08F048FD41EC100B09F0CA
:100550004FFADFF860A0B0EE409AF0EE609A9DEDA1
:10056000420B9AED001B53EC102B51EC110B08F0D1
:1005700034FD41EC100B09F03BFAB0EE401AF0EEFE
:10058000601A53EC192B51EC110B08F08FFE04D8B4
:1005900098ED000BB0EE4BAA8EE034E100AF0008FE
:1005A00000804242AC0240420080414200000140D3
:1005B00028000020380400200C8242420014004031
:1005C000676666666666B63F0000000000000000D1
:1005D00078040020000000000000464000000000F9
:1005E0000000244000000000000059409C0600204C
:1005F000BC0400205804002020D2A3BFD8C6F7CEE8
:10060000B4C1ACBDD3A3A10D0A00000074362E7492
:1006100078743D22D2A3BFD8C6F7CEB4C1ACBDD347
:10062000A3A122FFFFFF0000A300002020C7EBBD15
:10063000ABD2A3BFD8C6F7D3CDC3C5B0E2B5BDD743
:10064000EECFC2B7BDA3A10D0A00000074362E7410
:1006500078743D22C7EBBDABD2A3BFD8C6F7D3CDCC
:10066000C3C5B0E2B5BDD7EECFC2B7BD2122FFFFF3
:10067000FF00000020D7AACDE4BDC7B6C8B9FDB4BD
:10068000F3A3ACB4A5C5F6B5BDD0D0B3CCBFAAB961
:10069000D8A3A10D0A0000007803002020CDA3B349
:1006A000B5A3ACC9B2B3B5B9CAD5CFC7EBBCECB230
:1006B000E9A3A10D0A000000F0EE6BAA53EC1A2B7F
:1006C00051EC100B08F0E8FB41EC100B09F090F92D
:1006D000B0EE409AF0EE609A9DED420B9AED001B51
:1006E00053EC102B51EC110B08F077FC41EC100B84
:1006F00009F07EF9B0EE401AF0EE601A53EC192BB7
:1007000051EC110B08F0BAFD7DD898ED020B53ECBB
:100710001A2B51EC100B08F060FC41EC100B09F0A7
:1007200067F9B0EE409AF0EE609A9DED440B9AEDB9
:10073000021B53EC102B51EC110B08F04EFC41EC5A
:10074000100B09F055F9B0EE401AF0EE601A53ECB8
:10075000192B51EC110B08F0A9FD54D898ED020BA0
:1007600053EC1A2B51EC100B08F096FB41EC100BDC
:1007700009F03EF9B0EE409AF0EE609A9DED440B20
:100780009AED021B53EC102B51EC110B08F025FCD9
:1007900041EC100B09F02CF9B0EE401AF0EE601AA3
:1007A00053EC192B51EC110B08F068FD2BD898ED88
:1007B000040B53EC1A2B51EC100B08F00EFC41EC1F
:1007C000100B09F015F9B0EE409AF0EE609A9DED2D
:1007D000460B9AED041B53EC102B51EC110B08F057
:1007E000FCFB41EC100B09F003F9B0EE401AF0EEFF
:1007F000601A53EC192B51EC110B08F057FD7FD800
:1008000098ED040B00E07BE053EC1A2B51EC100B3D
:1008100008F042FB41EC100B09F0EAF8B0EE409A08
:10082000F0EE609A9DED460B9AED041B53EC102BF5
:1008300051EC110B08F0D1FB41EC100B09F0D8F88A
:10084000B0EE401AF0EE601A53EC192B51EC110B7C
:1008500008F014FD54D898ED060B53EC1A2B51EC0C
:10086000100B08F0BAFB41EC100B09F0C1F8B0EE28
:10087000409AF0EE609A9DED480B9AED061B53EC02
:10088000102B51EC110B08F0A8FB41EC100B09F0F8
:10089000AFF8B0EE401AF0EE601A53EC192B51ECA1
:1008A000110B08F003FD2BD898ED060B53EC1A2B17
:1008B00051EC100B08F0F0FA41EC100B09F098F82D
:1008C000B0EE409AF0EE609A9DED480B9AED061B53
:1008D00053EC102B51EC110B08F07FFB41EC100B8B
:1008E00009F086F8B0EE401AF0EE601A53EC192BBE
:1008F00051EC110B08F0C2FC02D84FF0010A01E0E4
:100900004FF0000A97ED000B53EC182B51EC100B35
:1009100008F0B4FC3AD197ED020BB0EE489AF0EE35
:10092000689A53EC192B51EC100B08F0A7FC2DD151
:1009300097ED040B53EC192B51EC100B08F09EFCB7
:1009400024D197ED060B53EC192B51EC100B08F04A
:1009500095FC1BD1BAF1000F18D099F805000128B9
:1009600004D1FE490860FEA008F036FE99F80500A3
:1009700060B94098401C4090152807D1F7480021E5
:100980000160FBA008F028FE0020409099F80200CA
:10099000012833D1DFF8E4A34FF47A7BDAF80010B2
:1009A00059451EDDB0EE489AF0EE689A87ED009B3F
:1009B00087ED029B87ED049B87ED069BF0A008F076
:1009C0000BFEF4A120A808F017FE20A803F043FFB7
:1009D000F7480821017099F8030010B9012089F83F
:1009E0000300DAF80000584508DA99F803000128F6
:1009F00004D1EF490020087089F80300ED48007821
:100A000000F081FE9DED380B98ED001B53EC102B90
:100A100051EC110B08F0E1FA9DED2A1B53EC112B60
:100A200008F0DBFADFF8909399ED001B53EC112BE3
:100A300008F0D6FA41EC100B042004F024FB0C2043
:100A400005F04FFE9DED3A0B98ED021B53EC102B79
:100A500051EC110B08F020FA9DED2A1B53EC112BE1
:100A600008F0BBFA99ED001B53EC112B08F014FAB7
:100A700041EC100B012004F006FB0C2005F031FEC8
:100A80009DED3C0B98ED041B53EC102B51EC110B1E
:100A900008F0A3FA9DED2A1B53EC112B08F09DFAE8
:100AA00099ED001B53EC112B08F0F6F941EC100BFB
:100AB000022004F0E8FA0C2005F013FE9DED3E0B39
:100AC00098ED061B53EC102B51EC110B08F0E4F9D8
:100AD0009DED2A1B53EC112B08F07FFA99ED001BBA
:100AE00053EC112B08F07CFA41EC100B032004F0BE
:100AF000CAFA0C2005F0F5FD97ED000B002000F080
:100B0000BFFF97ED040B022000F0BAFF97ED020B38
:100B1000012000F0B5FF97ED060B032000F0B0FFB9
:100B200098ED060B9FEDA59B51EC100B53EC192B88
:100B300008F0CBFA9FEDA3AB53EC1A2B08F053FA55
:100B400098ED020B8B46824653EC192B51EC100B9F
:100B500008F0BBFA53EC1A2B08F045FACDE91E0158
:100B600098ED040B53EC192B51EC100B08F0ADFA77
:100B700053EC1A2B08F037FACDE91C0198ED000B65
:100B800053EC192B51EC100B00E0E5E008F09DFA56
:100B900053EC1A2B08F027FA80468C48894653EC10
:100BA000192B90ED060B51EC100B08F08EFA53EC5C
:100BB0001A2B08F018FA41EC100B854853EC102B57
:100BC00000681A90814890ED021B8DED181B90ED86
:100BD000041B80488DED161B90ED001B7E488DEDAB
:100BE000141B90ED001B8DED121B97ED061B8DED78
:100BF000101B97ED021B8DED0E1B97ED041B8DED69
:100C00000C1B97ED001B8DED0A1BDDE91E01CDE9E4
:100C100008ABCDE90601DDE91C01CDE904016B4813
:100C2000CDE9028990ED081B6C488DED001B08F0A2
:100C3000D3FCDFF8AC91D9F8A40278B10020C9F850
:100C4000A4026849D1F8800250B10020C1F88002A6
:100C50004198401C419015287ED103E00120EEE729
:100C60000120F3E70020419005F03AFBDFF86881AE
:100C700053EC1C2B98ED000B51EC100B08F0FEFA16
:100C800009D23046761C44F25061884203DD0020D0
:100C9000C9F8A80200E0002698ED009B51EC190B62
:100CA00008F0A0FA814608F07FFA53EC192B08F0FF
:100CB00097F953EC1D2B08F096F908F093FA0346C8
:100CC0004A4649A120A808F097FC20A803F0C3FDDC
:100CD000B0EE4C0AF0EE6C0A53EC102B98ED000BC2
:100CE00051EC100B08F079F99FED441B53EC112BDC
:100CF00008F0EBF953EC1E2B08F075F908F072FAC6
:100D00008046B8F1140F24DB3EA120A808F074FC43
:100D100020A803F0A0FD42463EA120A808F06CFCEC
:100D200020A803F098FD3FA120A808F065FC20A8AA
:100D300003F091FD41A120A808F05EFC20A803F07B
:100D40008AFD1C490879012803D1194A0020107036
:100D50000871B8F10A0F7FE027E1000094024042D9
:100D600020D6E1BEE0B5F7D5FBD6D0A3A10D0A0091
:100D700020C9B2B3B5A3A10D0A0000003C030020B6
:100D800020C9B2B3B5D3D0D5CFB0ADCEEF20256456
:100D9000200D0A0074382E7478743D22C7EBD7A258
:100DA000D2E2D3D0D5CFB0ADCEEF2122FFFFFF00EE
:100DB000A300002028000020C00000201F85EB5168
:100DC000B81E09400000000000806640C8000020F6
:100DD000A4000020780300207003002038B1000830
:100DE000008042420000414274312E7478743D22EA
:100DF00025642E2564205622FFFFFF00000000001E
:100E0000000028406A312E70636F3D32303234FF6B
:100E1000FFFF00006A312E76616C3D2564FFFFFF05
:100E20000000000074382E7478743D22D5FDB3A301
:100E3000D4CBD0D02122FFFFFF00000074362E74E7
:100E400078743D22D2A3BFD8C6F7C1ACBDD3B3C915
:100E5000B9A62122FFFFFF0020DA57A120A808F041
:100E6000CBFB20A803F0F7FC4246AFF2580120A8C4
:100E700008F0C2FB20A803F0EEFC53A120A808F064
:100E8000BBFB20A803F0E7FC5448017854A008F00D
:100E9000A3FB5748017909B901210171DFF8548199
:100EA00098ED089B51EC190B08F09CF9814608F06D
:100EB0007BF953EC192B08F093F8B0EE4D1AF0EED5
:100EC0006D1A53EC112B08F08EF808F08BF90346DD
:100ED0004A4649A120A808F08FFB20A803F0BBFCDC
:100EE000434898ED080B90ED041B51EC100B53ECAC
:100EF000112B08F0EAF8B0EE4E1AF0EE6E1A53EC31
:100F0000112B08F070F808F06DF9024640A120A8F6
:100F100008F072FB20A803F09EFC98ED040B9FEDF7
:100F2000401B51EC100B53EC112B08F0A7F906D124
:100F30003DA120A808F060FB20A803F08CFC98EDF0
:100F4000040B9FED3F1B51EC100B53EC112B08F0E1
:100F500095F906D13CA120A808F04EFB20A803F08B
:100F60007AFC98ED040B9FED3E1B51EC100B53ECFB
:100F7000112B08F083F906D13BA120A808F03CFB17
:100F800020A803F068FC98ED040B9FED3D1B51EC8D
:100F9000100B53EC112B08F071F906D13AA120A8DF
:100FA00008F02AFB20A803F056FC6D1C0A2D7FF4E4
:100FB000FDA9FFF7ECB900006A312E70636F3D3672
:100FC00033343838FFFFFF0074382E7478743D22B4
:100FD000C7EBB3E4B5E72122FFFFFF00A300002029
:100FE000C3BBB5E7C1CB202564200D0A000000007B
:100FF00028000020C800002074372E7478743D2229
:1010000025642E25646D2F7322FFFFFF0000000072
:101010006A302E76616C3D2564FFFFFF0000000002
:10102000000000000000F03F74342E7478743D22FC
:10103000C1BDC2D6D7AACFF22122FFFFFF00000018
:10104000000000000000004074342E7478743D22CB
:10105000CBC4C2D6D7AACFF22122FFFFFF000000E7
:10106000000000000000084074342E7478743D22A3
:10107000D0B1D0D0D7AACFF22122FFFFFF000000CD
:10108000000000000000104074342E7478743D227B
:10109000D4ADB5D8D7AACFF22122FFFFFF000000C0
:1010A0007047FEE7FEE7FEE7FEE7704770477047D0
:1010B000704700000CB50022019200925849086860
:1010C00040F4803008604FF4A043086800F400301A
:1010D00000900198401C0190009810B90198984226
:1010E000F3D10868800302D50120009000E000924F
:1010F0000098012831D14A484030026842F08052BD
:1011000002604848026842F44042026044480830A5
:1011100002680260026842F400420260026842F41F
:10112000A0520260021F404B13600A6842F08072B6
:101130000A600A689201FCD53C4A40F205711160D0
:10114000016821F003010160016841F002010160C2
:101150000168C1F381010229FAD10CBD10B53448F0
:10116000016841F4700101602D48016841F00101FE
:1011700001602B4A00210832116002682D4B1A4091
:101180000260031D2C4A1A60026822F48022026069
:1011900023480C300160FFF78DFF25494FF00060B8
:1011A0008039086010BD70B51D4E0836306800F0FB
:1011B0000C00224B224900280FD05D1004280ED0CD
:1011C00008280ED00B6030681D4AC0F30310121DB2
:1011D000105C0A68C2400A6070BD0B60F3E70D60E6
:1011E000F1E70F4A121D1068C0F38054106800F038
:1011F0003F0034B1B5FBF0F01368C3F388135843D4
:1012000005E0B3FBF0F01368C3F38813584312688A
:10121000C2F30142521C5200B0FBF2F00860D2E768
:10122000003802400070004008544007003C024073
:1012300088ED00E0FFFFF6FE103000240024F400EB
:101240008C0000207CB50121202006F0A6FD4FF483
:101250000074009401208DF8040000228DF806200F
:1012600003228DF805208DF80700F94D69462846C0
:1012700005F0E8FB2146284605F04EFC7CBD2DE933
:10128000FC5F0121084606F088FD0121022006F0DE
:1012900084FD0121102006F080FD0121082006F0C8
:1012A0007CFD0121202006F078FD0121402006F080
:1012B00074FD0121042006F070FD4FF48070009051
:1012C00001248DF8044000258DF8065003268DF882
:1012D000056002278DF80770DFF87883694640467D
:1012E00005F0B0FBF00200908DF804408DF8065038
:1012F0008DF805608DF80770DFF85C936946484605
:1013000005F0A0FB600200908DF804408DF80650B7
:101310008DF805608DF807706946CD4805F092FBA1
:10132000C02000908DF804408DF806508DF80560BF
:101330008DF807406946C64805F084FB4FF4FC7001
:1013400000908DF804408DF806508DF805608DF8FA
:1013500007406946C14805F075FB4FF4A060009056
:101360008DF804408DF806508DF805608DF80770F3
:101370006946B74805F066FB00948DF804408DF887
:1013800006508DF805608DF80740DFF8D4A2694655
:10139000504605F057FBF82000908DF804408DF87A
:1013A00006508DF805608DF80770DFF8B8B2694611
:1013B000584605F047FBE00200908DF804408DF898
:1013C00006508DF805608DF807706946484605F0AF
:1013D00039FB302000908DF804408DF806508DF8D0
:1013E00005608DF807706946404605F02BFB4FF409
:1013F0007E4000908DF804508DF805608DF8074010
:101400006946584605F01EFB4FF4D04000908DF819
:1014100004508DF805608DF8074069468C4805F04A
:1014200011FB102000908DF804508DF805608DF8A8
:1014300007406946484605F005FB3E2000908DF8C0
:1014400004508DF805608DF807406946504605F058
:10145000F9FA4FF4104000908DF804508DF80560B3
:101460008DF8074069467A4805F0ECFABDE8FC9F24
:1014700001227D49002809D101F523714A610A61E1
:10148000CA608A604A600A60A1F5237100230128BE
:1014900009D101F523714B610A61CA608A604A6013
:1014A0000A60A1F52371022809D101F523714A616F
:1014B0000B61CA608A604A600A60A1F52371032843
:1014C00009D101F523714B610B61CA608A604A60E2
:1014D0000A60A1F52371042809D101F523714A613D
:1014E0000A61CB608A604A600A60A1F52371052811
:1014F00009D101F523714B610A61CB608A604A60B2
:101500000A60A1F52371062809D101F523714A610A
:101510000B61CB608A604A600A60A1F523710728DD
:1015200009D101F523714B610B61CB608A604A6080
:101530000A60A1F52371082809D101F523714A61D8
:101540000A61CA608B604A600A60A1F523710928AC
:1015500009D101F523714B610A61CA608B604A6051
:101560000A60A1F523710A2809D101F523714A61A6
:101570000B61CA608B604A600A60A1F523710B2879
:1015800009D101F523714B610B61CA608B604A6020
:101590000A60A1F523710C2809D101F523714A6174
:1015A0000A61CB608B604A600A60A1F523710D2847
:1015B00009D101F523714B610A61CB608B604A60F0
:1015C0000A60A1F523710E2809D101F523714A6142
:1015D0000B61CB608B604A600A60A1F523710F2814
:1015E00009D101F523714B610B61CB608B604A60BF
:1015F0000A60A1F52371102807D101F523714A6112
:101600000A61CA608A604B600A607047002801D195
:10161000164A1160164A012801D1C2F8A412154BCE
:10162000022801D1C3F8AC12032801D1C3F8B012CB
:10163000042801D1C2F89C12052801D1C2F89812E1
:10164000704710B5012817D0002800D1092010BD1F
:101650000014024000100240000002400018024046
:1016600000080240000C024000004342A002424237
:1016700000804242000040429748D0F81012D1B199
:10168000D0F81412E1B195490968F1B1D0F80C1203
:1016900001B39349D1F830220AB3D1F83C120029A2
:1016A00022D0D0F80412002923D0D0F80802002854
:1016B00024D00920CBE78BA007F08EFF0020C6E7DF
:1016C0008DA007F089FF0120C1E790A007F084FFFB
:1016D0000220BCE792A007F07FFF0320B7E795A0A8
:1016E00007F07AFF0420B2E797A007F075FF052006
:1016F000ADE79AA007F070FF0620A8E79CA007F0CE
:101700006BFF0720A3E770B59E4C9F4D01287DD14C
:1017100094ED000B95ED001B51EC100B53EC112BCD
:1017200007F0C4FD03D895ED000B84ED000B95ED9B
:10173000000B51EC100B81F0004194ED001B53ECB9
:10174000112B07F0B3FD07D295ED000B51EC100BF8
:1017500081F00041C4E9000194ED020B95ED001BFE
:1017600051EC100B53EC112B07F0A0FD03D895EDB5
:10177000000B84ED020B95ED000B51EC100B81F08A
:10178000004194ED021B53EC112B07F08FFD07D2A3
:1017900095ED000B51EC100B81F00041C4E9020102
:1017A00094ED040B95ED001B51EC100B53EC112B39
:1017B00007F07CFD03D895ED000B84ED040B95ED4F
:1017C000000B51EC100B81F0004194ED041B53EC25
:1017D000112B07F06BFD07D295ED000B51EC100BB0
:1017E00081F00041C4E9040194ED060B95ED001B66
:1017F00051EC100B53EC112B07F058FD03D895ED6D
:10180000000B84ED060B95ED000B00E012E051ECAF
:10181000100B81F0004194ED061B53EC112B07F0E7
:1018200045FD07D295ED000B51EC100B81F0004106
:10183000C4E9060170BD2A49D1F838225348012A6B
:1018400009D1D1F83422012A05D1D1F82C22012A5C
:1018500001D100220270D1F83822012A07D1D1F833
:10186000342222B9D1F82C22012A00D10270D1F8F9
:101870003822012A08D1D1F83422012A04D1D1F822
:101880002C220AB902220270D1F83822012A07D18B
:10189000D1F8342222B9D1F82C220AB903220270DD
:1018A000D1F838224AB9D1F83422012A05D1D1F829
:1018B0002C22012A01D104220270D1F83822002AF8
:1018C00009D1D1F83422002A05D1D1F82C120129EE
:1018D00001D10521017070470000414210024042D1
:1018E00000804242D7F3C7B0D7F3D7AACFDECEBB32
:1018F000BFA8D7A13A0D0A00D7F3C7B0D3D2D7AA51
:10190000CFDECEBBBFA8D7A13A0D0A00D3D2C7B055
:10191000D7F3D7AACFDECEBBBFA8D7A13A0D0A0016
:10192000D3D2C7B0D3D2D7AACFDECEBBBFA8D7A160
:101930003A0D0A00D7F3BAF3D7F3D7AACFDECEBB5E
:10194000BFA8D7A13A0D0A00D7F3BAF3D3D2D7AACA
:10195000CFDECEBBBFA8D7A13A0D0A00D3D2BAF3CF
:10196000D7F3D7AACFDECEBBBFA8D7A13A0D0A00C6
:10197000D3D2BAF3D3D2D7AACFDECEBBBFA8D7A1DA
:101980003A0D0A0058040020700000208800002052
:101990002DE9F0418AB006460D460121084606F0C1
:1019A0002CFA0121102006F0F8F9DFF8E482012278
:1019B0000921404605F0BEF801220D21404605F000
:1019C000B9F801220B21404605F0B4F801220E219E
:1019D000404605F0AFF84FF4D440089002208DF84F
:1019E000240003208DF8250000248DF826400127CF
:1019F0008DF8277008A9404605F024F8ADF814507A
:101A0000ADF816400696ADF81C40A24D05A9284633
:101A100005F06CFB6021ADF80010ADF80270ADF878
:101A20000C406946284605F0EBFB6946284605F060
:101A300017FC6946284605F053FC6946284605F020
:101A4000A7FC0821284605F02BFD0821284605F0B3
:101A50002DFD0821284605F033FD0821284605F014
:101A600035FD0121284605F0A3FB0121284605F09C
:101A7000BBFB0121284605F0E6FE0AB0BDE8F08177
:101A800070B505462DED048BB0EE409AF0EE609AED
:101A9000814890ED001B53EC112B9FED808B51EC96
:101AA000180B07F012FB53EC192B07F09CFA07F008
:101AB00099FB04469FED7B9B764E15BB002C05DA07
:101AC00000210846FFF7A2FD644203E00121002047
:101AD000FFF79CFD0A2C01DA00240EE05820604339
:101AE00007F062FB53EC182B07F0EFFA53EC192BBD
:101AF00007F0D2F907F076FB04462146304605F0A0
:101B0000A7FC022D22D1002C05DA6442002102201C
:101B1000FFF77CFD03E001210220FFF777FD0A2C8F
:101B200001DA00240EE05820604307F03DFB53EC3F
:101B3000182B07F0CAFA53EC192B07F0ADF907F090
:101B400051FB04462146304605F086FC012D22D18A
:101B5000002C05DA644200210120FFF757FD03E065
:101B600001210846FFF752FD0A2C01DA00240EE09D
:101B70005820604307F018FB53EC182B07F0A5FA28
:101B800053EC192B07F088F907F02CFB044621468B
:101B9000304605F05FFC032D25D1002C05DA6442A8
:101BA00000210320FFF732FD03E001210320FFF7AE
:101BB0002DFD0A2C01DA00210EE05820604307F0C9
:101BC000F3FA53EC182B07F080FA53EC192B07F0BB
:101BD00063F907F007FB0146BDEC048B3046BDE816
:101BE000704005F03BBCBDEC048B70BD2DE9F043AB
:101BF0008BB005460E460121084606F0F2F8012199
:101C0000084606F0CAF8DFF8A490012205214846EC
:101C100004F090FF202009904FF002088DF82880F2
:101C200003208DF8290000248DF82A4001278DF823
:101C30002B7009A9484604F005FFADF81860ADF80F
:101C40001A400795ADF82040BC0706A9204605F0CC
:101C50004DFA6020ADF80400ADF80670ADF81080C4
:101C600001A9204605F0CCFA0821204605F018FC11
:101C70000121204605F09CFA6908204605F0E8FBA2
:101C80000121204605F0B0FA0BB0BDE8F08300005A
:101C90000010024000000140380000200000000059
:101CA00000406F400000000000004E400000024075
:101CB00070B5012004F015FD274CD4F80C12274D07
:101CC000012902D1284605F08FFAD4F80C1231B957
:101CD0000021284605F088FA214901200860BDE866
:101CE0007040082006F0BCB970B586B001212020F4
:101CF00006F053F80826019600258DF808500320B9
:101D00008DF8090001248DF80B4001A9154804F055
:101D100099FE0121880306F070F80321052005F0E3
:101D20009DFE03968DF8105010208DF811008DF84F
:101D3000124003A806F03AF909208DF81400022099
:101D40008DF815008DF816008DF8174005A804F0E1
:101D50008CFD06B070BD00000080424200140040BF
:101D60003C0300200014024010B52DED048BB0EEB2
:101D7000419AF0EE619AF7484468002C15D1F64874
:101D800090ED000BF54853EC102B90ED000B51EC4F
:101D9000100B07F09AF941EC100B07F059FC51ECCD
:101DA000100B07F09BFA08EE100A012C15D1EC4835
:101DB00090ED000BEB4853EC102B90ED000B51EC29
:101DC000100B07F082F941EC100B07F041FC51ECCD
:101DD000100B07F083FA08EE100AF1EE488A18EEAD
:101DE000900A07F037FAE04CC4E9000118EE100A37
:101DF00007F030FAC4E9020118EE100A07F02AFAD7
:101E0000C4E9040118EE900A07F024FAC4E90601B7
:101E10009FEDD60B51EC190B53EC102B07F0E3F8A8
:101E200041EC180B203484ED008B51EC180B81F041
:101E300000410B460246C4E9020184ED048BC4E96B
:101E40000623BDEC048B10BD10B5C74880ED060B12
:101E500080ED040B80ED020B80ED000B51EC110BBB
:101E600081F00041C04C0B4620340246C4E9060113
:101E7000C4E90423C4E902230CC410BDBA4880EDB0
:101E8000000B80ED020B80ED040B80ED060B203083
:101E900080ED001B80ED021B80ED041B80ED061B16
:101EA00070472DE9F041B04DB24CB34F05F120061B
:101EB00095ED000B94ED001B51EC100B53EC112B26
:101EC00007F0F4F903D894ED000B85ED000B94EDC9
:101ED000000B51EC100B81F0004195ED001B53EC11
:101EE000112B07F0E3F907D894ED000B51EC100B20
:101EF00081F00041C5E9000195ED020B94ED001B56
:101F000051EC100B53EC112B07F0D0F903D894EDE2
:101F1000000B85ED020B94ED000B51EC100B81F0E2
:101F2000004195ED021B53EC112B07F0BFF907D8C8
:101F300094ED000B51EC100B81F00041C5E902015A
:101F400095ED040B94ED001B51EC100B53EC112B91
:101F500007F0ACF903D894ED000B85ED040B94ED7C
:101F6000000B51EC100B81F0004195ED041B53EC7C
:101F7000112B07F09BF907D894ED000B51EC100BD7
:101F800081F00041C5E9040195ED060B94ED001BBD
:101F900051EC100B53EC112B07F088F903D894ED9A
:101FA000000B85ED060B94ED000B51EC100B81F04E
:101FB000004195ED061B53EC112B07F077F907D87C
:101FC00094ED000B51EC100B81F00041C5E90601C6
:101FD00096ED000B97ED001B51EC100B53EC112B01
:101FE00007F064F903D897ED000B86ED000B97ED31
:101FF000000B51EC100B81F0004196ED001B53ECEF
:10200000112B07F053F907D897ED000B51EC100B8B
:1020100081F00041C6E9000196ED020B97ED001B2F
:1020200051EC100B53EC112B07F040F903D897ED4E
:10203000000B86ED020B97ED000B51EC100B81F0BD
:10204000004196ED021B53EC112B07F02FF907D836
:1020500097ED000B51EC100B81F00041C6E9020135
:1020600096ED040B97ED001B51EC100B53EC112B6C
:1020700007F01CF903D897ED000B86ED040B97EDE4
:10208000000B51EC100B81F0004196ED041B53EC5A
:10209000112B07F00BF907D897ED000B51EC100B43
:1020A00081F00041C6E9040196ED060B97ED001B97
:1020B00051EC100B53EC112B07F0F8F803D897ED07
:1020C000000B86ED060B97ED000B51EC100B81F029
:1020D000004196ED061B53EC112B07F0E7F807D8EB
:1020E00097ED000B51EC100B81F00041C6E90601A1
:1020F000BDE8F0812DE9F0472DED108BB0EE408A60
:10210000F0EE608AB0EE41AAF0EE61AA164C9FEDA7
:102110001B9B04F1200753EC192B51EC180B07F013
:10212000ADF82FD184ED009B84ED029B84ED049BE0
:1021300084ED069B51EC1A0B81F000410B460246E0
:10214000C7E90001C7E90223C7E90423C7E9062359
:1021500083E20000A0000020000000200800002012
:1021600010000020180000205804002066666666F3
:102170006666E63F500000203800002000000000A6
:1021800000000000FC4EFD4DDFF8F4839FEDFDDB09
:102190009FEDFEFB706800287ED195ED000B53EC9F
:1021A000102B98ED000B51EC100B06F08EFF41EC5C
:1021B000100B07F04DFA53EC1F2B51EC100B06F0EF
:1021C0000CFF53EC182B07F059F819D295ED000BC2
:1021D00053EC102B98ED000B51EC100B06F075FF33
:1021E00041EC100B07F034FAB0EE4F1AF0EE6F1A14
:1021F00053EC112B51EC100B06F0EFFE41EC180BD9
:1022000095ED000B53EC102B98ED000B51EC100BDF
:1022100006F05BFF41EC100B07F01AFA9FEDDD1B97
:1022200051EC100B53EC112B06F0DAFE53EC182B8B
:1022300007F03CF819D295ED000B53EC102B98EDFC
:10224000000B51EC100B06F040FF41EC100B07F0B7
:10225000FFF9B0EE4F1AF0EE6F1A53EC112B51EC60
:10226000100B06F0BDFE41EC180BB0EE480AF0EE84
:10227000680A07F0C9FB98ED00BBB0EE409AF0EE9B
:10228000609A53EC1D2B51EC1B0B06F0ACFE53EC8B
:10229000192B06F01AFF00E0A3E041EC190B9FEDAB
:1022A000BF0B51EC190B53EC102B06F09CFE95ED77
:1022B00000EB8946804653EC1E2B06F08EFE41EC67
:1022C000100B51EC1B0B53EC102B06F0FEFE41ECF7
:1022D000100B07F0BDF984ED060BB0EE40CAF0EE2E
:1022E00060CA49EC108B53EC1E2B51EC100B06F01E
:1022F000D3FD41EC100B51EC1B0B53EC102B06F0F3
:10230000E4FE41EC100B07F0A3F984ED040BB0EEF2
:1023100040BAF0EE60BA51EC1C0B81F00041C4E908
:10232000020151EC1B0B81F00041C4E90001B0EE49
:102330004C0AF0EE6C0A07F0F7FAB0EE40BAF0EE95
:1023400060BA95ED000B53EC1D2B51EC100B06F011
:102350004AFE53EC192B06F043FE41EC1C0B51ECEA
:102360001A0B81F000418946804653EC1C2B06F085
:102370003AFE53EC192B06F0A8FE53EC1B2B06F08B
:10238000A4FEC7E9060194ED040B07F0CDFAB0EE08
:1023900040BAF0EE60BA95ED000B53EC1D2B51ECFA
:1023A000100B06F020FE53EC192B06F075FD41ECE6
:1023B000110B49EC108B53EC112B51EC100B06F068
:1023C00012FE53EC192B06F080FE53EC1B2B06F08B
:1023D0007CFEC7E9040197ED060B87ED020BC7E908
:1023E000000170686F4D704E01287CD195ED000B97
:1023F00053EC102B96ED000B51EC100B06F065FE24
:1024000041EC100B07F024F953EC1F2B51EC100B8F
:1024100006F0E3FD53EC182B06F030FF15D295EDD6
:10242000000B53EC102B96ED000B51EC100B06F04B
:102430004CFE41EC100B07F00BF953EC1F2B51EC49
:10244000100B06F0CAFD41EC180B95ED000B53EC98
:10245000102B96ED000B51EC100B06F036FE41EC04
:10246000100B07F0F5F89FED4B1B51EC100B53ECE4
:10247000112B06F0B5FD53EC182B06F017FF15D203
:1024800095ED000B53EC102B96ED000B51EC100B5F
:1024900006F01BFE41EC100B07F0DAF853EC1F2B93
:1024A00051EC100B06F09CFD41EC180BB0EE480A05
:1024B000F0EE680A07F0A8FA96ED009BB0EE408AAD
:1024C000F0EE608A53EC1D2B51EC190B06F08BFDDE
:1024D00053EC182B06F0F9FD41EC180B9FED2F0B78
:1024E00053EC102B00E0B8E051EC180B06F07BFD2C
:1024F00095ED00CB8846064653EC1C2B06F06DFD8F
:1025000041EC100B51EC190B53EC102B06F0DDFDD8
:1025100041EC100B07F09CF884ED060BB0EE40BACE
:10252000F0EE60BA48EC106B53EC1C2B51EC100B26
:1025300006F0B2FC41EC100B51EC190B53EC102BD4
:1025400006F0C3FD41EC100B07F082F884ED040B9C
:10255000B0EE409AF0EE609A51EC1B0B81F0004116
:10256000C4E9020151EC190B81F00041C4E90001FA
:10257000B0EE4B0A1AE00000A0000020000000208E
:1025800008000020000000000000E03FEC51B81EF1
:1025900085EBA13FEC51B81E85EBA1BF0000000008
:1025A000000000401000002018000020F0EE6B0A30
:1025B00007F0BAF9B0EE409AF0EE609A95ED000B94
:1025C00053EC1D2B51EC100B06F00DFD53EC182BAA
:1025D00006F006FD41EC1B0B51EC1A0B81F000419B
:1025E0008846064653EC1B2B06F0FDFC53EC182BDB
:1025F00006F06BFD53EC192B06F067FDC7E90601E9
:1026000094ED040B07F090F9B0EE409AF0EE609A6A
:1026100095ED000B53EC1D2B51EC100B06F0E3FC79
:1026200053EC182B06F038FC41EC100B48EC116B06
:1026300053EC102B51EC110B06F0D5FC53EC182B7E
:1026400006F043FD53EC192B06F03FFDC7E90401EA
:1026500097ED060B87ED020B03C7BDEC108BBDE8B1
:10266000F0471EE42DE9F0472DED108BB0EE408AC7
:10267000F0EE608AB0EE419AF0EE619A9FEDFDAB0C
:10268000FE4F07F1200853EC1A2B51EC180B06F003
:10269000F5FD10D187ED00AB87ED02AB87ED04AB04
:1026A00087ED06AB88ED009B88ED029B88ED049BCF
:1026B00088ED069B48E2F24EF24CF34D1FED4FDBE6
:1026C0001FED4EFB706800287ED194ED000B53EC9B
:1026D000102B95ED000B51EC100B06F0F6FC41ECC5
:1026E000100B06F0B5FF53EC1F2B51EC100B06F04E
:1026F00074FC53EC182B06F0C1FD19D294ED000BBD
:1027000053EC102B95ED000B51EC100B06F0DDFC9B
:1027100041EC100B06F09CFFB0EE4F1AF0EE6F1A72
:1027200053EC112B51EC100B06F057FC41EC180B3D
:1027300094ED000B53EC102B95ED000B51EC100BAE
:1027400006F0C3FC41EC100B06F082FF1FED6F1B7F
:1027500051EC100B53EC112B06F042FC53EC182BF0
:1027600006F0A4FD19D294ED000B53EC102B95ED5F
:10277000000B51EC100B06F0A8FC41EC100B06F01E
:1027800067FFB0EE4F1AF0EE6F1A53EC112B51ECBD
:10279000100B06F025FC41EC180BB0EE480AF0EEE9
:1027A000680A07F031F995ED00BBB0EE40AAF0EEF3
:1027B00060AA53EC1D2B51EC1B0B06F014FC53ECE0
:1027C0001A2B06F082FC00E095E041EC1A0B1FED9D
:1027D0008D0B51EC1A0B53EC102B06F004FC94ED0E
:1027E00000EB8946054653EC1E2B06F0F6FB41EC48
:1027F000100B51EC1B0B53EC102B06F066FC41EC5C
:10280000100B06F025FF87ED000BB0EE40CAF0EE8E
:1028100060CA49EC105B53EC1E2B51EC100B06F018
:102820003BFB41EC100B51EC1B0B53EC102B06F057
:102830004CFC41EC100B06F00BFF87ED020BB0EEE9
:1028400040BAF0EE60BA51EC1C0B81F00041C7E9D0
:10285000040151EC1B0B81F00041C7E90601B0EE09
:102860004C0AF0EE6C0A07F05FF8B0EE40BAF0EEFA
:1028700060BA94ED000B53EC1D2B51EC100B06F0DD
:10288000B2FB53EC1A2B06F0ABFB53EC192B06F002
:10289000AAFB53EC1A2B06F018FC53EC1B2B06F08A
:1028A00014FCC8E9000197ED020B07F03DF8B0EE0B
:1028B00040BAF0EE60BA94ED000B53EC1D2B51ECD6
:1028C000100B06F090FB53EC1A2B06F0E5FA53ECD4
:1028D000192B06F088FB53EC1A2B06F0F6FB53EC91
:1028E0001B2B06F0F2FBC8E9020198ED000B88ED06
:1028F000040BC8E906017068644C654D01287CD161
:1029000094ED000B53EC102B95ED000B51EC100BDC
:1029100006F0DBFB41EC100B06F09AFE53EC1F2B8C
:1029200051EC100B06F059FB53EC182B06F0A6FCEB
:1029300015D294ED000B53EC102B95ED000B51ECE0
:10294000100B06F0C2FB41EC100B06F081FE53ECBD
:102950001F2B51EC100B06F040FB41EC180B94EDD3
:10296000000B53EC102B95ED000B51EC100B06F007
:10297000ACFB41EC100B06F06BFE1FEDFA1B51ECAB
:10298000100B53EC112B06F02BFB53EC182B06F01D
:102990008DFC15D294ED000B53EC102B95ED000B34
:1029A00051EC100B06F091FB41EC100B06F050FEC1
:1029B00053EC1F2B51EC100B06F012FB41EC180BE3
:1029C000B0EE480AF0EE680A07F01EF895ED00AB8D
:1029D000B0EE408AF0EE608A53EC1D2B51EC1A0BDE
:1029E00006F001FB53EC182B06F06FFB41EC180BC3
:1029F0009FED280B53EC102B00E0A5E051EC180BD9
:102A000006F0F1FA94ED00CB0E46054653EC1C2B74
:102A100006F0E3FA41EC100B51EC1A0B53EC102BBF
:102A200006F053FB41EC100B06F012FE87ED000B95
:102A3000B0EE40BAF0EE60BA46EC105B53EC1C2BE3
:102A400051EC100B06F028FA41EC100B51EC1A0B6C
:102A500053EC102B06F039FB41EC100B06F0F8FD9F
:102A600087ED020BB0EE40AAF0EE60AA51EC1B0B12
:102A700014E00000000000000000000058040020E6
:102A8000A00000200000002008000020100000200E
:102A900018000020000000000000004081F000410C
:102AA000C7E9040151EC1A0B81F00041C7E90601A6
:102AB000B0EE4B0AF0EE6B0A06F036FFB0EE40AA1D
:102AC000F0EE60AA94ED000B53EC1D2B51EC100BB3
:102AD00006F089FA53EC182B06F082FA53EC192B06
:102AE00006F081FA53EC182B06F0EFFA53EC1A2B90
:102AF00006F0EBFAC8E9000197ED020B06F014FFAF
:102B0000B0EE40AAF0EE60AA94ED000B53EC1D2B42
:102B100051EC100B06F067FA53EC182B06F0BCF9D9
:102B200053EC192B06F05FFA53EC182B06F0CDFA94
:102B300053EC1A2B06F0C9FAC8E9020198ED000B14
:102B400088ED040BC8E90601BDEC108BBDE8F04729
:102B5000FFF7A7B92DE9F05F2DED108BB0EE408A9D
:102B6000F0EE608AB0EE41AAF0EE61AAFE4E1FEDD3
:102B70003FCB06F1200953EC1C2B51EC180B06F04F
:102B80007DFB16D186ED00CB86ED02CB86ED04CB26
:102B900086ED06CB51EC1A0B81F000410B46024644
:102BA000C9E90001C9E90223C9E90423C9E90623E7
:102BB000CAE2EE4DEE4FEF4C686800287ED11FED63
:102BC0004BEB97ED000B53EC1E2B51EC100B06F06A
:102BD0000AFA94ED001B53EC112B06F076FA41EC47
:102BE000100B06F035FD9FEDE49B51EC100B53EC00
:102BF000192B06F0F2F953EC182B06F03FFB19D213
:102C000097ED000B53EC1E2B51EC100B06F0EBF97B
:102C100094ED001B53EC112B06F057FA41EC100B0E
:102C200006F016FD53EC192B51EC100B06F0D5F9FC
:102C300041EC180B97ED000B53EC1E2B51EC100BD5
:102C400006F0D1F994ED001B53EC112B06F03DFA80
:102C500041EC100B06F0FCFC9FEDC91B51EC100B76
:102C600053EC112B06F0BCF953EC182B06F01EFBAD
:102C700019D297ED000B53EC1E2B51EC100B06F004
:102C8000B2F994ED001B53EC112B06F01EFA41EC47
:102C9000100B06F0DDFC53EC192B51EC100B06F079
:102CA0009FF941EC180BB0EE480AF0EE680A06F006
:102CB000ABFE53EC102B97ED00BB00E0D5E051ECE0
:102CC0001B0B06F002FA41EC190B51EC1A0B53ECFA
:102CD000192B06F0FAF941EC1D0B1FED920B51EC8C
:102CE000190B53EC102B06F07EF994ED00FB8B468C
:102CF000074653EC1F2B06F070F941EC1E0B1FED3D
:102D00009B0B51EC1B0B53EC102B06F06CF98A4615
:102D1000804653EC1E2B06F0D8F941EC100B06F060
:102D200097FC86ED060BB0EE40BAF0EE60BA4BECC5
:102D3000107B53EC1F2B51EC100B06F0ADF841EC5F
:102D4000110B4AEC108B53EC112B51EC100B06F0CD
:102D5000BCF941EC100B06F07BFC86ED040B86ED14
:102D600002CB86ED00CBB0EE4B0AF0EE6B0A06F01C
:102D7000DBFDB0EE40BAF0EE60BA9FED83EB94ED70
:102D8000000B53EC1E2B51EC100B06F02CF953ECFE
:102D9000192B06F025F941EC1F0B51EC1A0B81F0B1
:102DA00000418A46074653EC1F2B06F01CF953ECF2
:102DB000192B06F08AF953EC1B2B06F086F9C9E9AA
:102DC000060196ED040B06F0AFFDB0EE40BAF0EE52
:102DD00060BA94ED000B53EC1E2B51EC100B06F077
:102DE00002F98846044653EC192B06F055F841ECDD
:102DF000110B4AEC107B53EC112B51EC100B06F02D
:102E0000F2F853EC192B06F060F953EC1B2B06F08B
:102E10005CF9C9E9040148EC104B53EC192B51EC57
:102E2000100B06F0DDF841EC1B0B51EC1D0B81F093
:102E300000418A46074653EC1B2B06F0D4F8C9E93B
:102E4000020148EC104B53EC192B51EC100B06F01F
:102E500023F841EC110B4AEC107B53EC112B51EC95
:102E6000100B06F0C0F8C9E900016868484D494CEC
:102E7000012878D11FEDF9EB95ED000B53EC1E2BDB
:102E800051EC100B06F0AFF894ED001B53EC112B36
:102E900006F01BF941EC100B06F0DAFB9FED369BB8
:102EA00051EC100B53EC192B06F097F853EC182B40
:102EB00006F0E4F919D295ED000B53EC1E2B51EC02
:102EC000100B06F090F894ED001B53EC112B06F05C
:102ED000FCF841EC100B06F0BBFB53EC192B51EC4A
:102EE000100B06F07AF841EC180B95ED000B53EC43
:102EF0001E2B51EC100B06F076F894ED001B53ECF2
:102F0000112B06F0E2F841EC100B06F0A1FB9FED4F
:102F10001C1B51EC100B53EC112B06F061F853EC19
:102F2000182B06F0C3F919D295ED000B53EC1E2BAC
:102F300051EC100B06F057F894ED001B53EC112BDD
:102F400006F0C3F841EC100B06F082FB53EC192B92
:102F500051EC100B06F044F841EC180BB0EE480AA7
:102F6000F0EE680A18E0EFE058040020A00000200E
:102F70000800002000000020EC51B81E85EBA13FA6
:102F8000EC51B81E85EBA1BF000000000000E03F3F
:102F9000180000201000002006F036FD95ED00FB23
:102FA00053EC102B51EC1F0B06F08FF841EC180B73
:102FB00051EC1A0B53EC182B06F087F841EC1B0B65
:102FC00053EC1E2B51EC180B06F00DF894ED009B02
:102FD0008A46054653EC192B05F0FFFF41EC1D0B0B
:102FE00053EC1E2B51EC1F0B05F0FDFF88460746E6
:102FF00053EC1D2B06F069F841EC100B06F028FB92
:1030000086ED060BB0EE40DAF0EE60DA4AEC115BCA
:1030100053EC192B51EC110B05F03EFF41EC100B5A
:1030200048EC117B53EC102B51EC110B06F04DF8D2
:1030300041EC100B06F00CFB86ED040B86ED02CB89
:1030400086ED00CBB0EE4D0AF0EE6D0A06F06CFC9A
:10305000B0EE409AF0EE609A1FED35DB94ED000B78
:1030600053EC1D2B51EC100B05F0BDFF53EC182B4E
:1030700005F0B6FF41EC1C0B51EC1A0B81F000413E
:103080000F46054653EC1C2B05F0ADFF53EC182BF7
:1030900006F01BF853EC192B06F017F8C9E90601E6
:1030A00096ED040B06F040FCB0EE409AF0EE609A0C
:1030B00094ED000B53EC1D2B51EC100B05F093FF1E
:1030C0000E46044653EC182B05F0E6FE41EC100BBF
:1030D00047EC115B53EC102B51EC110B05F083FF07
:1030E00053EC182B05F0F1FF53EC192B05F0EDFF15
:1030F000C9E9040146EC114B53EC182B51EC110BB0
:1031000005F06EFF41EC190B51EC1B0B81F00041F7
:103110000F46054653EC192B05F065FFC9E902017E
:1031200046EC104B53EC182B51EC100B05F0B4FE91
:1031300041EC100B47EC115B53EC102B51EC110BD5
:1031400005F051FFC9E90001BDEC108BBDE8F05F4F
:10315000FEF7A7BE2DE9F05F2DED108BB0EE409A83
:10316000F0EE609AB0EE418AF0EE618A9FEDFECB00
:10317000DFF8FC9309F1200753EC1C2B51EC190BE1
:1031800006F07CF810D189ED00CB89ED02CB89EDFA
:1031900004CB89ED06CB87ED008B87ED028B87EDA5
:1031A000048B87ED068B97E2F24EF34DF34C70687B
:1031B00000287CD19FEDF2EB95ED000B53EC1E2B1C
:1031C00051EC100B05F00FFF94ED001B53EC112B8D
:1031D00005F07BFF41EC100B06F03AFA1FED9AABBD
:1031E00051EC100B53EC1A2B05F0F7FE53EC192B96
:1031F00006F044F819D295ED000B53EC1E2B51EC60
:10320000100B05F0F0FE94ED001B53EC112B05F0B4
:103210005CFF41EC100B06F01BFA53EC1A2B51EC3F
:10322000100B05F0DAFE41EC190B95ED000B53EC99
:103230001E2B51EC100B05F0D6FE94ED001B53EC49
:10324000112B05F042FF41EC100B06F001FA1FEDC7
:10325000B41B51EC100B53EC112B05F0C1FE53ECD9
:10326000192B06F023F819D295ED000B53EC1E2B09
:1032700051EC100B05F0B7FE94ED001B53EC112B35
:1032800005F023FF41EC100B06F0E2F953EC1A2B8A
:1032900051EC100B05F0A4FE41EC190BB0EE490AFD
:1032A000F0EE690A06F0B0FB53EC102B00E0BBE037
:1032B00095ED00DB51EC1D0B05F007FF41EC1A0BFF
:1032C00051EC180B53EC1A2B05F0FFFE41EC1B0BD5
:1032D0009FEDAB0B51EC1A0B53EC102B05F083FE5A
:1032E00094ED00FB8B46054653EC1F2B05F075FE55
:1032F00041EC1E0B9FEDA20B51EC1D0B53EC102B60
:1033000005F071FE8A46804653EC1E2B05F0DDFE6B
:1033100041EC100B06F09CF989ED000BB0EE40DAA1
:10332000F0EE60DA4BEC105B53EC1F2B51EC100B02
:1033300005F0B2FD41EC110B4AEC108B53EC112B54
:1033400051EC100B05F0C1FE41EC100B06F080F9BA
:1033500089ED020B89ED04CB89ED06CBB0EE4D0A69
:10336000F0EE6D0A06F0E0FAB0EE40DAF0EE60DA68
:103370001FEDFBEB94ED000B53EC1E2B51EC100BEF
:1033800005F031FE53EC1A2B05F02AFE53EC182BF6
:1033900005F029FE53EC1A2B05F097FE53EC1D2B7C
:1033A00005F093FEC7E9000199ED020B06F0BCFAA7
:1033B000B0EE40DAF0EE60DA94ED000B53EC1E2B29
:1033C00051EC100B05F00FFE0D46044653EC1A2B82
:1033D00005F062FD53EC182B05F005FE53EC1A2B9B
:1033E00005F073FE53EC1D2B05F06FFEC7E90201DB
:1033F00045EC104B53EC1A2B51EC100B05F0F0FD83
:1034000053EC1B2B05F0EFFDC7E9040145EC104B15
:1034100053EC1A2B51EC100B05F03EFD53EC1B2B1B
:1034200005F0E1FDC7E906017068574D574C0128CA
:103430007ED19FED53EB95ED000B53EC1E2B51EC21
:10344000100B05F0D0FD94ED001B53EC112B05F093
:103450003CFE41EC100B06F0FBF89FED4DAB51EC40
:10346000100B53EC1A2B05F0B8FD53EC192B05F09B
:1034700005FF19D295ED000B53EC1E2B51EC100BF0
:1034800005F0B1FD94ED001B53EC112B05F01DFE72
:1034900041EC100B06F0DCF853EC1A2B51EC100B3E
:1034A00005F09BFD41EC190B95ED000B53EC1E2B29
:1034B00051EC100B05F097FD94ED001B53EC112B14
:1034C00005F003FE41EC100B06F0C2F89FED321B35
:1034D00051EC100B53EC112B05F082FD53EC192B22
:1034E00005F0E4FE19D295ED000B53EC1E2B51ECC8
:1034F000100B05F078FD94ED001B53EC112B05F03B
:10350000E4FD41EC100B06F0A3F853EC1A2B51EC40
:10351000100B05F065FD41EC190BB0EE490AF0EE19
:10352000690A06F071FA53EC102B95ED00FB00E0F0
:10353000D2E051EC1F0B05F0C8FD41EC190B51EC2A
:10354000180B53EC192B05F0C0FD41EC1A0B53EC92
:103550001E2B51EC190B05F046FD94ED00BB8A467D
:10356000054653EC1B2B1BE0000000000000000090
:1035700058040020A00000200800002000000020C7
:103580000000000000000040180000201000002093
:10359000EC51B81E85EBA13FEC51B81E85EBA1BFE5
:1035A00005F01BFD41EC1D0B53EC1E2B51EC1F0BCA
:1035B00005F019FD8846064653EC1D2B05F085FDE8
:1035C00041EC100B06F044F889ED000BB0EE40DA48
:1035D000F0EE60DA4AEC115B53EC1B2B51EC110B53
:1035E00005F05AFC41EC100B48EC116B53EC102B1E
:1035F00051EC110B05F069FD41EC100B06F028F8B9
:1036000089ED020B89ED04CB89ED06CBB0EE4D0AB6
:10361000F0EE6D0A06F088F9B0EE40BAF0EE60BA4E
:103620009FEDFECB94ED000B53EC1C2B51EC100BDB
:1036300005F0D9FC53EC192B05F0D2FC53EC182BF8
:1036400005F0D1FC53EC192B05F03FFD53EC1B2B7F
:1036500005F03BFDC7E9000199ED020B06F064F9A6
:10366000B0EE40BAF0EE60BA94ED000B53EC1C2BB8
:1036700051EC100B05F0B7FC0D46044653EC192B2A
:1036800005F00AFC53EC182B05F0ADFC53EC192B9C
:1036900005F01BFD53EC1B2B05F017FDC7E90201DC
:1036A00045EC114B53EC192B51EC110B05F098FC28
:1036B00053EC1A2B05F097FCC7E9040145EC104BBD
:1036C00053EC192B51EC100B05F0E6FB53EC1A2BC5
:1036D00005F089FCC7E90601BDEC108BBDE8F05F81
:1036E000FEF7DFBB2DE9F0412DED088BCD4F1FED2F
:1036F000628B9FEDCD9B9FEDCEBBDFF83C8308F145
:10370000280653EC182B96ED000B51EC100B05F02E
:10371000B5FD09D0C94853EC182B90ED060B51ECC0
:10372000100B05F0ABFD08D187ED008B87ED028B08
:1037300087ED048B87ED068B08E196ED060B51ECC7
:10374000100B05F0CBFD054696ED080B51EC100B68
:1037500005F0C4FD044696ED040B53EC192B51EC17
:10376000100B05F08BFD31D196ED020B53EC182BAD
:1037700051EC100B05F082FD0FD1204605F06AFDDB
:1037800041EC1A0B284605F065FD41EC100BB0EE3C
:103790004A1AF0EE6A1AFFF7DDFC96ED020B53ECC5
:1037A000192B51EC100B05F069FD0FD1204605F0E7
:1037B00051FD41EC1A0B284605F04CFD41EC100B75
:1037C000B0EE4A1AF0EE6A1AFFF7C4F996ED040B50
:1037D0001FED951B51EC100B53EC112B05F04EFD1A
:1037E00031D196ED020B53EC182B51EC100B05F078
:1037F00045FD0FD1204605F02DFD41EC1A0B284662
:1038000005F028FD41EC100BB0EE4A1AF0EE6A1AF2
:10381000FEF728FF96ED020B53EC192B51EC100B21
:1038200005F02CFD0FD1204605F014FD41EC1A0BDC
:10383000284605F00FFD41EC100BB0EE4A1AF0EEF1
:103840006A1AFEF757FC96ED040B9FED7D1B51ECB9
:10385000100B53EC112B05F011FD31D196ED020B3D
:1038600053EC182B51EC100B05F008FD0FD120463E
:1038700005F0F0FC41EC1A0B284605F0EBFC41EC9E
:10388000100BB0EE4A1AF0EE6A1AFEF7F7FA96ED50
:10389000020B53EC192B51EC100B05F0EFFC0FD180
:1038A000204605F0D7FC41EC1A0B284605F0D2FC67
:1038B00041EC100BB0EE4A1AF0EE6A1AFEF7C4FAA9
:1038C00096ED040B53EC1B2B51EC100B05F0D6FCC2
:1038D00034D1D8F8040088BB96ED020B53EC182BBA
:1038E00051EC100B05F0CAFC0FD1204605F0B2FCDC
:1038F00041EC180B284605F0ADFC41EC100BB0EE86
:10390000481AF0EE681AFEF72FFA96ED020B53EC08
:10391000192B51EC100B05F0B1FC0FD1204605F02E
:1039200099FC41EC180B284605F094FC41EC100B77
:10393000B0EE481AF0EE681AFEF716FA96ED040B90
:1039400053EC1B2B51EC100B05F098FCD8F804003D
:10395000012829D197ED048B97ED000B87ED040B1F
:1039600097ED020B51EC100B81F00041C7E900010B
:1039700097ED060B87ED020B51EC180B81F000411F
:10398000C7E906012748203890ED040B90ED001B95
:1039900080ED041B90ED021B80ED001B90ED061BDB
:1039A00080ED021B80ED060BBDEC088BBDE8F081BD
:1039B0002DE9F05F2DED0A8B1F4C9FED1B9B2834EA
:1039C00084ED009BDFF8808040F2DC559FED1F8B7B
:1039D000D8F80C000127DFF860B0A84215DADBF850
:1039E000080090B994ED080B53EC182B51EC100B18
:1039F00005F044FC09D1CBF80870B0EE48AAF0EE0F
:103A000068AA84ED02AB8BF80070D8F80C00002691
:103A1000A84230DDDBF8080001281BE000000000B0
:103A20000000E03F78040020000000000000F03FAC
:103A30000000000000001040A00000200003002053
:103A40000000000000000840BC040020000000004E
:103A5000000000000FD194ED080B53EC182B51EC33
:103A6000100B05F00BFC06D1CBF8086084ED029B2F
:103A700002208BF80000D8F81000DFF80494B0F5AD
:103A8000C86F32DB05F090FB9FEDFE1B53EC112B52
:103A900005F0A3FA9FEDFD1B53EC112B05F015FB70
:103AA00099ED00AB53EC1A2B05F09DFA41EC100B8D
:103AB00084ED080B53EC1A2B51EC100B05F0F6FBC0
:103AC00003D899ED000B84ED080B94ED080B53EC33
:103AD000182B51EC100B05F0D1FB08D8B0EE48AA1A
:103AE000F0EE68AA84ED08AB01E084ED088B9FED51
:103AF000E9BB9FEDEAABD8F80800A84232DADBF860
:103B0000100078BB94ED080B53EC182B51EC100B04
:103B100005F0B4FB26D1CBF8107094ED040B53ECF8
:103B2000192B51EC100B05F0B7F941EC100B84ED9B
:103B3000040B53EC1B2B51EC100B05F09FFB05D134
:103B4000B0EE49CAF0EE69CA84ED04CB94ED040BE3
:103B500053EC1A2B51EC100B05F09EF905F061FBAC
:103B60008BF80000D8F80800A84233DDDBF810001D
:103B700001282FD194ED080B53EC182B51EC100BAE
:103B800005F07CFB26D1CBF8106094ED040B53ECD0
:103B9000192B51EC100B05F07FF941EC100B84ED63
:103BA000040B53EC1B2B51EC100B05F067FB05D1FC
:103BB000B0EE49CAF0EE69CA84ED04CB94ED040B73
:103BC00053EC1A2B51EC100B05F066F905F029FBAC
:103BD0008BF80000D8F80400A8421ADDDBF80400D6
:103BE000B8B994ED080B53EC182B51EC100B05F001
:103BF00045FB0ED1B0EE48BAF0EE68BA84ED06BBD4
:103C0000CBF804709FEDA70B8BED080B07208BF80A
:103C10000000D8F8041040F2DC50814219DADBF8D9
:103C20000400012815D194ED080B53EC182B51EC2E
:103C3000100B05F023FB0CD1B0EE48BAF0EE68BAD9
:103C400084ED06BBCBF804608BED08BB0D208BF830
:103C500000009FED96CBDFF85C92DFF85CA29FED51
:103C600097BB984DDBF80400F0BB94ED040B53ECCC
:103C7000192B51EC100B05F001FB19D199ED000B3C
:103C800053EC1A2B51EC100B05F0ADF99AED001B1B
:103C900053EC112B05F019FA41EC100B05F0D8FC90
:103CA00053EC1B2B51EC100B05F097F9C5E9000103
:103CB00094ED040B53EC1A2B51EC100B05F0DEFACB
:103CC00017D19AED000B53EC102B99ED000B51EC32
:103CD000100B05F0FAF941EC100B05F0B9FC53ECB0
:103CE0001B2B51EC100B00E01FE005F076F9C5E945
:103CF000000194ED040BB0EE491AF0EE691A53EC92
:103D0000112B51EC100B05F0B9FA0ED094ED040B09
:103D1000B0EE4A1AF0EE6A1A53EC112B51EC100B6C
:103D200005F0ACFA01D085ED00CBDBF804000128EA
:103D300055D194ED040B53EC192B51EC100B05F0FD
:103D40009DFA19D19AED000B53EC1A2B51EC100B84
:103D500005F049F999ED001B53EC112B05F0B5F96D
:103D600041EC100B05F074FC53EC1B2B51EC100BC9
:103D700005F033F9C5E9000194ED040B53EC1A2B5F
:103D800051EC100B05F07AFA15D199ED000B53ECBC
:103D9000102B9AED000B51EC100B05F096F941EC4D
:103DA000100B05F055FC53EC1B2B51EC100B05F0E0
:103DB00014F9C5E9000194ED040B53EC192B51ECF7
:103DC000100B05F05BFA0AD094ED040B53EC1A2BA0
:103DD00051EC100B05F052FA01D085ED00CBDFF865
:103DE000E8A09AF80000012849D1D8F8140040F260
:103DF0004651DFF8D89088421ADC94ED060B99ED15
:103E0000001B51EC100B53EC112B05F045F841EC65
:103E1000100B84ED060B95ED001B51EC100B53ECD1
:103E2000112B05F043FA03D295ED000B84ED060B40
:103E3000D8F8140040F2A461884220DD94ED060B0E
:103E400099ED001B51EC100B53EC112B05F0C5F84C
:103E500041EC190B84ED069B95ED000B51EC100B1A
:103E600081F0004153EC192B05F020FA07D295EDB3
:103E7000000B51EC100B81F00041C4E9060127E072
:103E80002000002000000000000099400000000019
:103E90000000794000000000000014400000000015
:103EA000000000407A008BFCFA21F93F5E878244D3
:103EB0001857F63F0800002000000020EC51B81E03
:103EC00085EBA13F48000020780000208000002002
:103ED0009AF80000F0BBD8F8140005F065F99FEDE2
:103EE000AE1B53EC112B05F078F89FEDAD1B53EC96
:103EF000112B05F0EAF895ED009B53EC192B05F01A
:103F000072F841EC100B84ED060B53EC192B51ECBD
:103F1000100B05F0CBF903D295ED000B84ED060BE9
:103F200095ED000B51EC100B81F0004194ED061B58
:103F300053EC112B05F0BAF907D295ED000B51ECBB
:103F4000100B81F00041C4E90601D8F81400A0F27A
:103F5000465000E004E0B0F5917F01D884ED068B77
:103F6000DBF80C0005F020F994ED021B53EC112B4B
:103F700005F084F90BD084ED068B84ED088B94ED6D
:103F8000020B51EC100B05F02DF9CBF80C00DBF80F
:103F90001C0005F009F994ED041B53EC112B05F0FE
:103FA0006DF90BD084ED068B84ED088B94ED040B3A
:103FB00051EC100B05F016F9CBF81C00D8F80010E6
:103FC00040F2DC50814201DBCBF818700BDCDBF8EF
:103FD0001800012807D1DBF8140050B10020CBF8FD
:103FE0001400CBF81860DBF814106F48002903D0D8
:103FF00004E04FF00100F2E7C0F89C6201D0C0F885
:104000009C729BF800009BF8011088420AD19BF833
:104010000210282906D2FDF72BFA9BF80200401C5B
:104020008BF802009BF800009BF80110884206D034
:104030008BF802608BF801000020FDF719FA9BF85D
:10404000020028280FD39BF8030028B1BDEC0A8B8F
:10405000BDE8F05FFDF70CBABDEC0A8B0020BDE8AF
:10406000F05FFDF705BABDEC0A8BBDE8F09F2DE9C6
:10407000F0412DED088BFFF79BFC4C4D4C4E287802
:104080009FED4CAB06F12804012856D1002070604A
:1040900084ED00AB687805F098F8C4E9020184ED7E
:1040A00004ABE87805F091F841EC190BA87805F01D
:1040B0008CF89FED428B53EC182B04F094FF53ECDB
:1040C000192B04F0E9FE9FED3FBB53EC1B2B04F0D2
:1040D000FCFFC4E908012F79AFB9A87905F075F89C
:1040E00041EC190B687905F070F853EC182B04F0CB
:1040F0007AFF53EC192B04F0CFFE53EC1B2B04F08A
:10410000E4FFC4E90601012F17D1A87905F05DF895
:1041100041EC190B687905F058F853EC182B04F0B2
:1041200062FF53EC192B04F0B7FE9FED281B53ECF4
:10413000112B04F0CAFFC4E90601FFF7D3FA2548A2
:1041400040F214510069884223DA70689FED228B97
:10415000234D9FED249B00281BD194ED020B9FED76
:10416000231B51EC100B53EC112B05F087F803D1F6
:1041700085ED048B85ED069B94ED020B53EC1A2B19
:1041800051EC100B05F07AF803D185ED009B85ED1D
:10419000028B09E4704700000000000000709740A7
:1041A0000000000000407FC0008041429C060020CB
:1041B000A0000020000000000000F03F0000000010
:1041C00000E06F400000000000408F400000000051
:1041D00000408FC0BC0400207586E44A1857D6BF43
:1041E000580400207586E44A1857D63F00000000A6
:1041F00000000000F0B597B00121102003F0FDFD94
:104200000121084603F0C9FDC44F07220A213846A0
:1042100002F090FC03268DF8556002218DF85410B1
:1042200000248DF857404D02149514A9384602F029
:1042300009FC0121880503F0B0FDB94F384603F0B1
:1042400017FF68040190B7480290B74803900494A0
:104250002320059006940795089409940A94A801D0
:104260000B900C940D960E940F9401A9384603F010
:104270008AFF0121384603F0BFFFAA4D01222D1FFE
:104280004021284602F00EFEADF84440ADF846400D
:10429000ADF84840ADF84C400420ADF84A004FF46A
:1042A000E130109010A9284602F0DAFC25208DF8A4
:1042B00058008DF859408DF85A4001208DF85B0068
:1042C00016A802F0D2FA002240F22661284602F037
:1042D000F3FD002240F22551284602F0EDFD0022B8
:1042E00040F22771284602F0E7FD012240F2244106
:1042F000284602F0E1FD0121284602F02AFD17B010
:10430000F0BD70B506460D46854C4FF02051303457
:10431000204603F0E0FF201D056081483C30066028
:10432000206840F00100206070BD10B57C4C7F49D2
:10433000204603F0D0FF0021204603F05DFF23213B
:10434000221D11602046BDE81040012103F054BF3A
:104350002DE9F041734F40F224483F1F4146384653
:1043600002F0D0FD6E4C303400287BD0384602F08D
:1043700020FD6B48001D00686D4DC0F12300A87042
:104380004FF02051204603F0A6FF01262E7004F0C6
:1043900047FD654A51780C460223D05C44405B1CC3
:1043A000222BFADB10780F2857D192F82200A04276
:1043B00053D15D4B12F8020F243340EA01201860FC
:1043C0009078517840EA012058601079D17840EA1D
:1043D000012098609079517940EA0120D860107AE4
:1043E000D17940EA01201861907A517A40EA01209F
:1043F0005861107BD17A40EA01209861907B517B13
:1044000040EA0120D861107CD17B40EA012018628B
:10441000907C517C40EA01205862107DD17C40EABA
:1044200001209862907D517D40EA0120D862107E83
:10443000D17D40EA01201863907E517E40EA012040
:104440005863107FD17E40EA01209863907F517FAE
:1044500040EA0120D863D07FA880A988002011B14C
:10446000687001E009E06E702870FFF75EFF41465A
:104470003846BDE8F04102F065BD40F226652946A8
:10448000384602F03FFD002807D02946384602F0A2
:1044900059FD206820F001002060BDE8F08170B572
:1044A0001F4C244D30342946204603F03EFF00289F
:1044B00010D02946204603F00EFF0021204603F0CD
:1044C0009BFEBDE870401748012240F22661001FA4
:1044D00002F0F2BC70BD70B50022134B6433A3F13F
:1044E00040040DE0002154F8215053F82160354478
:1044F00043F82150491CC9B21029F4D3521CD2B23E
:104500008242EFD3002153F8212092FBF0F243F8CE
:104510002120491CC9B21029F5D370BD000002400A
:10452000886402400410014098040020408F00205D
:10453000F80000200080002870B5FF22FF23084DFE
:1045400005F5807605E010F8014B54402A5D5A408D
:10455000335D491E4C1CF6D143EA022070BD0000B9
:10456000FE0000202DE9F04387B0804601210420A1
:1045700003F013FC0121082003F00FFC01210805C2
:1045800003F02FFCDFF8F89208220C21484602F0D5
:10459000D1FABC4F08220221384602F0CBFAB814F7
:1045A000059002258DF818508DF8195000248DF8CB
:1045B0001A4001268DF81B6005A9484602F042FA10
:1045C000042005908DF818508DF819508DF81A4078
:1045D0008DF81B6005A9384602F034FACDF8048046
:1045E000ADF80840ADF80A40ADF80C40ADF8104009
:1045F0000C20ADF80E00A44D01A9284602F030FBB6
:104600000121284602F0A5FB012240F2255128464F
:1046100002F052FC35208DF800008DF801408DF835
:1046200002608DF80360684602F01FF907B0BDE82C
:10463000F083F8B5944D40F225542146284602F007
:1046400061FC18B1284602F0B4FBC6B221462846E8
:1046500002F054FC8D4900250124087818B9FF2E7A
:1046600001D10C704D700878894F012807D1487826
:104670003E54401C4870FE2E01D10220087008787C
:1046800002284AD10D70F8780090BB787A78397892
:1046900080A004F0A1FF7878012817D1B978824A68
:1046A000824B834E012904D1C2F8AC52C3F88C521C
:1046B0003470022904D1C2F8AC42C3F88C42347081
:1046C00021B9C2F8AC42C3F88C523570022806D129
:1046D000B978784A01B91570012900D114700428FD
:1046E00006D1B978744A01B91570012900D1147046
:1046F000042812D1B878714918B9C1F88C52C1F8A0
:104700009042022803D1C1F88C42C1F8905201288E
:1047100003D1C1F88C42C1F89042F8BD70B505468E
:10472000594C4021204602F0E2FB0028F9D02946EE
:104730002046BDE8704002F038BB70B52DED088B07
:10474000B0EE409AF0EE609AB0EE41AAF0EE61AAA7
:10475000B0EE42BAF0EE62BAB0EE438AF0EE638A8F
:10476000FC20FFF7DBFF51EC190B04F05AFDC4B23B
:104770002046FFF7D3FF204604F027FD53EC192B0A
:1047800004F02EFC9FED4E9B53EC192B04F02BFCF8
:1047900004F047FDC4B2FB2C00D9FB242046FFF7F0
:1047A000BDFF51EC1A0B04F03CFDC5B22846FFF7E3
:1047B000B5FF284604F009FD53EC1A2B04F010FC59
:1047C00053EC192B04F00FFC04F02BFDC0B2FB2CB2
:1047D00000D9FB20FFF7A2FF51EC1B0B04F021FDD9
:1047E000C4B22046FFF79AFF204604F0EEFC53ECDB
:1047F0001B2B04F0F5FB53EC192B04F0F4FB04F035
:1048000010FDC0B2FB2800D9FB20FFF787FF51EC59
:10481000180B04F006FDC4B22046FFF77FFF2046C8
:1048200004F0D3FC53EC182B04F0DAFB53EC192BF7
:1048300004F0D9FB04F0F5FCC0B2FB2800D9FB2042
:10484000FFF76CFF0020FFF769FFBDEC088BFD2030
:10485000BDE8704062E770B5054600240A4E295D48
:1048600000290BD0304602F0A0FA8021304602F039
:104870003EFB0028F9D0641CE4B2F0E770BD0000F4
:1048800000080240000C02400050004020030020BD
:104890003C050020CAFDBEDD2025642025642025BE
:1048A000642025640D0A000000004042008041425F
:1048B0002D0000202A000020780000200000414246
:1048C000000000000000594010B5FE4C40F2255198
:1048D000204602F017FB00280BD0204602F069FAB0
:1048E000C1B2F94A1078202803D2F84B1954401C61
:1048F000107010BD2DE9F04105460F460024F14E21
:104900000BE04021304602F0F2FA0028F9D0295D90
:10491000304602F04AFA641CE4B2BC42F1D34021B2
:10492000304602F0E4FA0028F9D0E7490020087088
:10493000BDE8F0817CB504460025009501958DF811
:10494000004003208DF801008DF802508DF80350CF
:104950008DF8045001208DF8050006216846FFF708
:10496000EBFD010A8DF806108DF807000821684656
:10497000FFF7C0FF0F2001F0B4FED34E30780028BF
:1049800040D00521D148FFF7D7FDD049030A4A7925
:104990009A4237D18A79C0B2904233D10878A04286
:1049A00030D10879C97800EB012004F00EFC9FEDAE
:1049B000C81B53EC112B04F016FB9FEDC71B53ECE7
:1049C000112B04F010FB9FEDC61B53EC112B04F0D0
:1049D0007CFB9FEDC51B53EC112B04F004FBC6E9D7
:1049E00002013570C24A0CB9C2E90001012C01D1A3
:1049F000C2E90201022C01D1C2E90401032C01D158
:104A0000C2E906017CBD70B58AB00646002508954E
:104A100009958DF8206003208DF8210001208DF884
:104A2000220006218DF823108DF824508DF82500E2
:104A300008A8FFF781FD010A8DF826108DF82700E0
:104A4000082108A8FFF756FF0F2001F04AFE9F4CEF
:104A5000A07A617A227AE379CDE90432CDE90610B1
:104A60006279A1792379E078CDE901320090039150
:104A7000A378627821789FA004F0AEFD052120463E
:104A8000FFF75AFD6279010A8A420ED1A179C0B2BC
:104A900088420AD12078B04207D12079E17800EB32
:104AA0000120A1490860884805700AB070BD70B542
:104AB0008AB006460025089509958DF820600320E8
:104AC0008DF8210001218DF8221007218DF8231087
:104AD0008DF824508DF82500062108A8FFF72CFD3D
:104AE000010A8DF826108DF82700082108A8FFF785
:104AF00001FF0F2001F0F5FD744CA07A617A227A53
:104B0000E379CDE90432CDE90610A0796179227903
:104B1000E378CDE90210CDE90032A37862782178FC
:104B200082A004F059FD09212046FFF705FD627AB5
:104B3000010A8A42B9D1A17AC0B28842B5D120789F
:104B4000B042B2D12079E17800EB012084490860BD
:104B5000A079617900EB012082490860207AE1792F
:104B600000EB012080490860574805709DE72DE95A
:104B7000FC470546002600960196EFB28DF80070BE
:104B80004FF003088DF801804FF0010A8DF802A064
:104B900006208DF803008DF804608DF805A006212D
:104BA0006846FFF7C9FC010A8DF806108DF807006A
:104BB00008216846FFF79EFE142001F092FD0521B2
:104BC0004248FFF7B9FC414C020ADFF8FC906179DA
:104BD00091420ED1A179C0B288420AD12078A84270
:104BE00007D12079E17800EB01204F49086089F86E
:104BF0000060962001F075FD8DF800708DF8018041
:104C00008DF802A007208DF803008DF804608DF860
:104C1000058006216846FFF78FFC010A8DF8061013
:104C20008DF8070008216846FFF764FE142001F0A4
:104C300058FD09212548FFF77FFC617A020A91425D
:104C40001AD1A17AC0B2884216D12078A84213D1D5
:104C50002079E17800EB012041490860A079617971
:104C600000EB01203F490860207AE17900EB012048
:104C70003D49086089F80060962001F032FDBDE8EA
:104C8000FC871CB50021009101918DF800000620E1
:104C90008DF801008DF802100E208DF803008DF8BC
:104CA000041001208DF8050006216846FFF744FC3A
:104CB000010A8DF806108DF8070008216846FFF7F5
:104CC00019FE1CBD0044004028030020A005002060
:104CD000000000000000303F00000000008076402F
:104CE00000000000008066404AD8124DFB210940B8
:104CF00038040020CAFD31BEDD2025642020256453
:104D0000202025642020256420202564202025647F
:104D1000202025642020256420202564202025646F
:104D2000202025640D0A000060000020CAFD3233F7
:104D300034BEDD2025642020256420202564202029
:104D4000256420202564202025642020256420203F
:104D50002564202564202025642025640D0A000098
:104D600064000020680000206C0000201CB50020BA
:104D70000090019001218DF8001006218DF801109E
:104D80008DF8020004218DF803108DF80400032033
:104D90008DF8050006216846FFF7CEFB010A8DF865
:104DA00006108DF8070008216846FFF7A3FD88E785
:104DB0002DE9F04387B080460121084602F0EDFF5F
:104DC0000121480403F00DF8DFF8E89007220221E2
:104DD000484601F0AFFE07220321484601F0AAFE33
:104DE0000C27059702208DF8180003258DF819501F
:104DF00000248DF81A4001268DF81B6005A948464D
:104E000001F020FE300205908DF818608DF81950E1
:104E10008DF81A408DF81B6005A9274801F012FE95
:104E2000CDF80480ADF80840ADF80A40ADF80C406C
:104E3000ADF81040ADF80E70204C01A9204601F0ED
:104E40000FFF0121204601F084FF4021204602F09F
:104E500055F8012240F22551204602F02DF8262077
:104E60008DF800008DF801508DF802508DF8036028
:104E7000684601F0FAFC07B0BDE8F08310B50020E9
:104E8000FFF758FD0A2001F02CFC0120FFF752FD2E
:104E90000A2001F026FC0220FFF74CFD0A2001F059
:104EA00020FC0320FFF746FDBDE810400A2001F07A
:104EB00018BC0000000002400018024000440040FE
:104EC000F0B587B006460121042002F066FF0121FB
:104ED000C80402F086FFFC4F08220A21384601F080
:104EE00029FE08220B21384601F024FE4FF44060D1
:104EF000059002208DF818008DF8190000248DF817
:104F00001A4001258DF81B5005A9384601F09AFD7D
:104F10000196ADF80840ADF80A40ADF80C40ADF888
:104F200010400C20ADF80E00E84E01A9304601F00B
:104F300097FE0121304601F00CFF012240F225517D
:104F4000304601F0B9FF34208DF800008DF80140A3
:104F50008DF802508DF80350684601F086FC07B0CA
:104F6000F0BD10B5D94C40F22551204601F0CAFFE2
:104F700000280BD0204601F01CFFC1B2D44A1078A3
:104F8000402803D2D34B1954401C107010BD70B58B
:104F90000546CE4C4021204601F0A9FF0028F9D05B
:104FA00029462046BDE8704001F0FFBE7CB50021D7
:104FB0000091019100248DF8000006208DF8010079
:104FC0008DF802108DF803108DF8041001208DF873
:104FD000050006216846FFF7AFFA010A8DF80610B2
:104FE0008DF807006D46285DFFF7D1FF641C082C83
:104FF000F9DB7CBD7CB500210091019100248DF886
:10500000000006208DF801008DF8021001208DF8B7
:1050100003008DF804108DF8050006216846FFF79F
:105020008BFA010A8DF806108DF807006D46285D91
:10503000FFF7ADFF641C082CF9DB7CBD7CB50022BA
:105040000092019200248DF8000006208DF80100E6
:105050008DF8022002208DF80300080A8DF8040064
:105060008DF8051006216846FFF766FA010A8DF8EB
:1050700006108DF807006D46285DFFF788FF641C59
:10508000082CF9DB7CBDF0B507462DED028B85B011
:10509000B0EE408AF0EE608A0026019602960396F2
:1050A000049600248C4853EC182B90ED000B51EC27
:1050B000100B03F098FF9FED891B53EC112B03F0AD
:1050C00092FF9FED881B53EC112B03F08CFF9FED9B
:1050D000871B53EC112B03F0F8FF04F083F805460F
:1050E0009FED840B51EC180B53EC102B04F0C6F819
:1050F00000D101258DF8047010208DF805008DF881
:10510000066016208DF807008DF8086002208DF8E3
:10511000090004208DF80A00280E8DF80D00280CD7
:105120008DF80E00280A8DF80B008DF80C500B211D
:1051300001A8FFF701FA010A8DF80F108DF8100091
:1051400001AD285DFFF723FF641C0D2CF9DB05B0D2
:10515000BDEC028BF0BD10B55D4B00221978002923
:1051600012D09C788C4202D09970DA7010BDDA7837
:10517000052AFBD21044C0B2D8700528F6D3062900
:10518000F4D90120587010BD9A7010BD70B5024658
:105190004F4D2878814200D90146002000234D4C14
:1051A00005E0265C02F8016B2354401CC0B2884223
:1051B000F7D32B70084670BD70B52DED068B82B00D
:1051C000002600960196002405287CD18DF8000069
:1051D00003208DF801008DF802608DF803608DF8D2
:1051E00004600A208DF8050006216846FFF7A4F93F
:1051F000010A8DF806108DF807006D46285DFFF74F
:10520000C6FE641C082CF9DB962001F06AFA3048CF
:105210004178012957D146702E483C213C38FFF790
:10522000B5FF04462B4D3C3D287805284BD1A11EE7
:105230002846FFF781F9010AC2B2281910F8023C8A
:105240008B4240D110F8010C90423CD1287903F0F8
:10525000BCFFA5F16004C4E90001A87903F0B5FF23
:10526000C4E902012E7B9FED25AB012E11D1287CD4
:1052700003F0ABFF53EC1A2B03F027FF41EC180BA4
:10528000A87B03F0A2FF53EC182B03F005FEC4E942
:1052900004019FED1C9B8EB9A87B03F096FF41ECA7
:1052A000180B287C03F091FF53EC192B03F00DFF32
:1052B00053EC182B03F091FEC4E90401AE7C012EDF
:1052C00035D1A87D22E046E000080240004C0040B5
:1052D000380300205C060020580000200000000079
:1052E0000000E040000000000000E03F441741548F
:1052F000FB21094000000000000000000000000049
:105300000000594000000000000059C003F05DFF9C
:1053100053EC1A2B03F0D9FE41EC180B287D03F057
:1053200054FF53EC182B03F0B7FDC4E90601002E1F
:1053300011D1287D03F049FF41EC180BA87D03F043
:1053400044FF53EC192B03F0C0FE53EC182B03F071
:1053500044FEC4E9060102B0BDEC068B70BD2DE928
:10536000F04F04462DED048B83B000250195029586
:10537000AA46DFF8748506274FF4AF6901AE062C04
:1053800029D18DF804708DF805708DF80650D8F885
:105390001800484501DA002000E00120010C8DF8DA
:1053A0000710010A8DF808108DF80900062101A8E0
:1053B000FFF7C2F8010A8DF80A108DF80B0016F8F5
:1053C0000A00FFF7E4FD0AF1010ABAF1080FF6DB63
:1053D0000A2001F086F9072C2CD107208DF8040053
:1053E0008DF805708DF80650D8F81800484501DA98
:1053F000002000E00120010C8DF80710010A8DF853
:1054000008108DF80900062101A8FFF795F8010A98
:105410008DF80A108DF80B004FF0000A16F80A00FC
:10542000FFF7B5FD0AF1010ABAF1080FF6DB0A2011
:1054300001F057F9082C2CD108208DF804008DF8C4
:1054400005708DF80650D8F81800484501DA00209C
:1054500000E00120010C8DF80710010A8DF80810FA
:105460008DF80900062101A8FFF766F8010A8DF8FA
:105470000A108DF80B004FF0000A16F80A00FFF72B
:1054800086FD0AF1010ABAF1080FF6DB0A2001F0E5
:1054900028F9092C2CD109208DF804008DF805700D
:1054A0008DF80650D8F81800484501DA002000E0D1
:1054B0000120010C8DF80710010A8DF808108DF8F5
:1054C0000900062101A8FFF737F8010A8DF80A1034
:1054D0008DF80B004FF0000A16F80A00FFF757FD91
:1054E0000AF1010ABAF1080FF6DB0A2001F0F9F817
:1054F0009FEDFE9B4FF0010B1FED808B0B2C60D1BD
:105500000B208DF804008DF805708DF80650D8F842
:105510001800484501DA002000E00120010C8DF858
:105520000710010A8DF808108DF80900062101A85E
:10553000FFF702F8010A8DF80A108DF80B004FF002
:10554000000A16F80A00FFF722FD0AF1010ABAF173
:10555000080FF6DB1E2001F0C4F80B208DF80400C4
:105560008DF805708DF806508DF807B0E14853ECC2
:10557000192B90ED080B51EC100B03F08DFC53EC44
:10558000182B03F030FD03F02DFE010A8DF80810F2
:105590008DF80900062101A8FEF7CEFF010A8DF85B
:1055A0000A108DF80B004FF0000A16F80A00FFF7FA
:1055B000EEFC0AF1010ABAF1080FF6DB0A2001F04D
:1055C00090F80C2C60D10C208DF804008DF805703B
:1055D0008DF80650D8F81800484501DA002000E0A0
:1055E0000120010C8DF80710010A8DF808108DF8C4
:1055F0000900062101A8FEF79FFF010A8DF80A1095
:105600008DF80B004FF0000A16F80A00FFF7BFFCF8
:105610000AF1010ABAF1080FF6DB1E2001F061F869
:105620000C208DF804008DF805708DF806508DF86B
:1056300007B0B04853EC192B90ED080B51EC100B50
:1056400003F02AFC53EC182B03F0CDFC03F0CAFD49
:10565000010A8DF808108DF80900062101A8FEF74F
:105660006BFF010A8DF80A108DF80B004FF0000A4D
:1056700016F80A00FFF78BFC0AF1010ABAF1080FCD
:10568000F6DB0A2001F02DF80D2C60D10D208DF8ED
:1056900004008DF805708DF80650D8F818004845BC
:1056A00001DA002000E00120010C8DF80710010A4A
:1056B0008DF808108DF80900062101A8FEF73CFFBF
:1056C000010A8DF80A108DF80B004FF0000A16F849
:1056D0000A00FFF75CFC0AF1010ABAF1080FF6DBD9
:1056E0001E2000F0FEFF0D208DF804008DF80570DF
:1056F0008DF806508DF807B07E4853EC192B90EDCD
:10570000080B51EC100B03F0C7FB53EC182B03F004
:105710006AFC03F067FD010A8DF808108DF8090096
:10572000062101A8FEF708FF010A8DF80A108DF87E
:105730000B004FF0000A16F80A00FFF728FC0AF1E8
:10574000010ABAF1080FF6DB0A2000F0CAFF0E2C9E
:105750005DD10E208DF804008DF805708DF806508F
:10576000D8F81800484501DA002000E00120010CBB
:105770008DF80710010A8DF808108DF80900062130
:1057800001A8FEF7D9FE010A8DF80A108DF80B006A
:105790004FF0000A16F80A00FFF7F9FB0AF1010AB8
:1057A000BAF1080FF6DB1E2000F09BFF0E208DF8EB
:1057B00004008DF805708DF806508DF807B04D483F
:1057C00053EC192B90ED080B51EC100B03F064FB1C
:1057D00053EC182B03F007FC03F004FD010A8DF8CD
:1057E00008108DF80900062101A8FEF7A5FE010AA0
:1057F0008DF80A108DF80B004FF0000A16F80A0019
:10580000FFF7C5FB0AF1010ABAF1080FF6DB142C09
:1058100003D0D8F81800484528DA14208DF8040081
:105820008DF805708DF806508DF807B0314853ECAF
:10583000182B90ED080B51EC100B03F0D4FB03F088
:10584000D1FC010A8DF808108DF80900062101A885
:10585000FEF772FE010A8DF80A108DF80B00002485
:10586000305DFFF794FB641C082CF9DB03B0BDEC42
:10587000048BBDE8F08F10B51F4C207AC0070CD008
:105880000D20FFF76CFD192000F02BFF0E20FFF715
:1058900066FDA068401CA06010BD0B20FFF75FFDF7
:1058A000192000F01EFF0C20FFF759FDF1E71FB58E
:1058B0000121202002F095FA4FF47A7002905320D3
:1058C000ADF804000020ADF80600ADF80C000B4C5C
:1058D00001A9204601F00AFC01221146204601F0F0
:1058E000D8FF012120460BE0BC0400209A99999929
:1058F0009999B93FC80000203803002000140040E7
:1059000001F072FC37208DF8000001208DF80300B3
:105910008DF801008DF80200684600F0A6FF1FBD5B
:1059200010B5012000F078FE07494868401C486027
:10593000064A904202DD42F210704860BDE8104015
:105940000121034801F0C7BF38030020CA33030018
:105950000014004070B505460C4645F2555002F063
:1059600029FD284602F029FD204602F029FD02F01B
:105970002AFDBDE8704002F02BBD02F024BD0000FE
:105980001CB50121022002F008FA4FF4407000908B
:1059900001248DF8044000208DF8060003208DF8C6
:1059A00005008DF807406946FE4801F04BF8FE48B7
:1059B000046044601CBD70B5FA48016821F44021C0
:1059C0000160016841F480210160F74C01206060B2
:1059D0002060042000F057FE00256560042000F0E0
:1059E00052FE256070BD10B5EE48016821F44021DB
:1059F0000160016841F480210160EB4C00202060CF
:105A00006060042000F03FFE012020606060BDE87F
:105A10001040042000F037BE70B50024E148016852
:105A200021F44021016001680160E04D0126C5F8C4
:105A3000A462012000F027FEC5F8A062012000F05A
:105A400022FE07E0641CE4B2FA2C03D9FFF7CBFF77
:105A5000012070BDD5F824020028F3D1C5F8A002BA
:105A600070BD70B5D04C00252560CE48016821F48A
:105A700040210160016841F48021016065600220DD
:105A800000F001FE01202060022000F0FCFD2560F6
:105A900070BD70B5C44C00252560C248016821F472
:105AA00040210160016841F48021016001266660A7
:105AB000022000F0E8FD2660022000F0E4FD2560F1
:105AC00070BD2DE9F0410546B648016821F440213A
:105AD0000160016841F480210160B44E4FF000087C
:105AE000C6F8A08200240127E809C6F8A4026806C7
:105AF000050E022000F0C7FDC6F8A072022000F0DB
:105B0000C2FDC6F8A082022000F0BDFD641CE4B214
:105B1000082CE9D3BDE8F0812DE9F0478146002447
:105B2000A048016821F4402101600168016000255E
:105B30009E4E00274FF00108C6F8A072022000F028
:105B4000A2FDC6F8A0826006040ED6F8240208B1B1
:105B5000641CE4B2012000F096FD6D1CEDB2082D2E
:105B6000EAD3B9F1000F04D0FFF77BFF2046BDE870
:105B7000F087FFF78EFFF9E770B5FFF71CFF902065
:105B8000FFF79FFFFFF748FF0120FFF79AFFFFF79E
:105B900043FFC120FFF795FFFFF73EFF6320FFF7AC
:105BA00090FFFFF739FFFFF71EFF0A2000F099FD75
:105BB000FFF701FF9020FFF784FFFFF72DFF002084
:105BC000FFF77FFFFFF728FFFFF70DFF0A2000F028
:105BD00088FDFFF7F0FE9120FFF773FFFFF71CFF32
:105BE0000120FFF799FF04460120FFF795FF0546C6
:105BF000FFF7F9FE2002284400B26D4C218848438B
:105C000060600A2000F06DFDFFF7D5FE9020FFF7E1
:105C100058FFFFF701FF0120FFF753FFFFF7FCFEDE
:105C2000D120FFF74EFFFFF7F7FE6320FFF749FF94
:105C3000FFF7F2FEFFF7D7FE0A2000F052FDFFF754
:105C4000BAFE9020FFF73DFFFFF7E6FE0020FFF7CA
:105C500038FFFFF7E1FEFFF7C6FE0A2000F041FD26
:105C6000FFF7A9FE9120FFF72CFFFFF7D5FE0120DB
:105C7000FFF752FF05460120FFF74EFF0646FFF7EC
:105C8000B2FE2902881900B221884843A0600A2088
:105C900000F027FDFFF78FFE9020FFF712FFFFF7C0
:105CA000BBFE0120FFF70DFFFFF7B6FEE120FFF777
:105CB00008FFFFF7B1FE6320FFF703FFFFF7ACFE1D
:105CC000FFF791FE0A2000F00CFDFFF774FE902014
:105CD000FFF7F7FEFFF7A0FE0020FFF7F2FEFFF749
:105CE0009BFEFFF780FE0A2000F0FBFCFFF763FE3F
:105CF0009120FFF7E6FEFFF78FFE0120FFF70CFF74
:105D000005460120FFF708FF0646FFF76CFE290253
:105D1000881900B221884843E0600A2000F0E1FCC5
:105D2000FFF749FE9020FFF7CCFEFFF775FE01203C
:105D3000FFF7C7FEFFF770FEF120FFF7C2FEFFF787
:105D40006BFE6320FFF7BDFEFFF766FEFFF74BFE1D
:105D50000A2000F0C6FCFFF72EFE9020FFF7B1FEF0
:105D6000FFF75AFE0020FFF7ACFEFFF755FEFFF7E6
:105D70003AFE0A2000F0B5FCFFF71DFE9120FFF768
:105D8000A0FEFFF749FE0120FFF7C6FE05460120F1
:105D9000FFF7C2FE0646FFF726FE2902881900B269
:105DA000218807E000040240A08240420080404277
:105DB000480300204843206170BD1CB5012102202A
:105DC00001F0EBFF4FF44060009001248DF8044097
:105DD00000208DF8060003208DF805008DF807409F
:105DE0006946FC4800F02EFEFB48046044601CBD80
:105DF00070B5F848016821F440610160016841F420
:105E000080610160F44C012008346060206004204F
:105E100000F039FC00256560042000F034FC2560AA
:105E200070BD10B5EB48016821F440610160016864
:105E300041F480610160E84C00200834206060601B
:105E4000042000F020FC012020606060BDE81040CC
:105E5000042000F018BC70B50024DE48016821F46D
:105E60004061016001680160DC4D0126C5F8AC624B
:105E7000012000F008FCC5F8A862012000F003FC36
:105E800007E0641CE4B2FA2C03D9FFF7CAFF012033
:105E900070BDD5F82C020028F3D1C5F8A80270BD5A
:105EA00070B5CD4C002508342560CA48016821F43E
:105EB00040610160016841F4806101606560022019
:105EC00000F0E1FB01202060022000F0DCFB2560F7
:105ED00070BD70B5C04C002508342560BD48016810
:105EE00021F440610160016841F480610160012694
:105EF0006660022000F0C7FB2660022000F0C3FBB2
:105F0000256070BD2DE9F0410546B248016821F4D5
:105F100040610160016841F480610160AF4E4FF063
:105F20000008C6F8A88200240127E809C6F8AC02D8
:105F30006806050E022000F0A6FBC6F8A872022033
:105F400000F0A1FBC6F8A882022000F09CFB641CB4
:105F5000E4B2082CE9D3DDE52DE9F04781460024C1
:105F60009C48016821F440610160016801600025DE
:105F70009A4E00274FF00108C6F8A872022000F0E0
:105F800082FBC6F8A8826006040ED6F82C0208B17F
:105F9000641CE4B2012000F076FB6D1CEDB2082D0C
:105FA000EAD3B9F1000F03D0FFF77AFF2046DEE510
:105FB000FFF78FFFFAE770B5FFF71AFF9020FFF7A2
:105FC000A1FFFFF748FF0120FFF79CFFFFF743FF0A
:105FD000C120FFF797FFFFF73EFF6320FFF792FF17
:105FE000FFF739FFFFF71DFF0A2000F07AFBFFF7EC
:105FF000FFFE9020FFF786FFFFF72DFF0020FFF741
:1060000081FFFFF728FFFFF70CFF0A2000F069FB74
:10601000FFF7EEFE9120FFF775FFFFF71CFF012051
:10602000FFF79AFF04460120FFF796FF0546FFF7AA
:10603000F8FE2002284400B2694C61884843606140
:10604000FFF7D6FE9020FFF75DFFFFF704FF01206A
:10605000FFF758FFFFF7FFFED120FFF753FFFFF7D1
:10606000FAFE6320FFF74EFFFFF7F5FEFFF7D9FEBC
:106070000A2000F036FBFFF7BBFE9020FFF742FF3F
:10608000FFF7E9FE0020FFF73DFFFFF7E4FEFFF713
:10609000C8FE0A2000F025FBFFF7AAFE9120FFF7BB
:1060A00031FFFFF7D8FE0120FFF756FF054601201C
:1060B000FFF752FF0646FFF7B4FE2902881900B227
:1060C00061884843A061FFF793FE9020FFF71AFF15
:1060D000FFF7C1FE0120FFF715FFFFF7BCFEE1202F
:1060E000FFF710FFFFF7B7FE6320FFF70BFFFFF787
:1060F000B2FEFFF796FE0A2000F0F3FAFFF778FEF3
:106100009020FFF7FFFEFFF7A6FE0020FFF7FAFE44
:10611000FFF7A1FEFFF785FE0A2000F0E2FAFFF785
:1061200067FE9120FFF7EEFEFFF795FE0120FFF7D7
:1061300013FF05460120FFF70FFF0646FFF771FE2C
:106140002902881900B261884843E061FFF750FED8
:106150009020FFF7D7FEFFF77EFE0120FFF7D2FE6B
:10616000FFF779FEF120FFF7CDFEFFF774FE632005
:10617000FFF7C8FEFFF76FFEFFF753FE0A2000F09F
:10618000B0FAFFF735FE9020FFF7BCFEFFF763FE85
:106190000020FFF7B7FEFFF75EFEFFF742FE0A2082
:1061A00000F09FFAFFF724FE9120FFF7ABFEFFF708
:1061B00052FE0120FFF7D0FE05460120FFF7CCFE7E
:1061C0000646FFF72EFE2902881900B2618848436F
:1061D000206270BD00040240A08240420080404224
:1061E0004803002010B52DED0C8BFFF7C5FC614C6A
:1061F000606802F0D9FF9FED60AB53EC1A2B02F000
:10620000F2FE41EC180B84ED128BA06802F0CCFF7B
:1062100053EC1A2B02F0E7FE41EC190B84ED149BB2
:10622000E06802F0C1FF53EC1A2B02F0DCFE41ECF7
:106230001B0B84ED16BB206902F0B6FF53EC1A2B42
:1062400002F0D1FE41EC1A0B84ED18AB9FED4CCB64
:1062500051EC180B53EC1C2B02F0C5FE9FED4A8B42
:1062600053EC182B02F0BFFE9FED49DB53EC1D2BC6
:1062700002F02BFF484CC4E9000153EC1C2B51ECFD
:106280001A0B02F0B0FE53EC182B02F0ACFE53ECEC
:106290001D2B02F01AFFC4E9020153EC1C2B51EC38
:1062A000190B02F0A0FE53EC182B02F09CFE53ECED
:1062B0001D2B02F00AFFC4E9040153EC1C2B51EC26
:1062C0001B0B02F090FE53EC182B02F08CFE53ECEB
:1062D0001D2B02F0FAFEC4E90601BDEC0C8B10BDCB
:1062E0002DE9F0472DED048BFFF765FE214C606929
:1062F00002F05AFF9FED209B53EC192B02F073FE26
:106300008A468146C4E91A01A06902F04DFF53ECA8
:10631000192B02F068FE41EC180B84ED1C8BE06930
:1063200002F042FF53EC192B02F05DFE0E460546CB
:10633000C4E91E01206A02F037FF53EC192B02F06A
:1063400052FE04F18002884603C207469FED130BFC
:1063500051EC180B53EC102B02F045FEC4E90A0176
:10636000C4E90C9AC4E90E56C4E91078BDEC048B5C
:106370001DE60000480300203A8C30E28E79453E4D
:1063800000000000000000406F1283C0CA210940D5
:10639000273108AC1C5A0A40380400200AD7A370E1
:1063A0003D023E40F0B587B006460121022001F0D3
:1063B000F4FC0121880401F014FDA54F07220A21F5
:1063C000384600F0B7FB07220B21384600F0B2FB3D
:1063D0004FF44060059002208DF818008DF81900E8
:1063E00000248DF81A4001258DF81B5005A9384668
:1063F00000F028FB0196ADF80840ADF80A40ADF872
:106400000C40ADF810400C20ADF80E00914E01A9E3
:10641000304600F025FC0121304600F09AFC0122B4
:1064200040F22551304600F047FD27208DF800004E
:106430008DF801408DF802508DF80350684600F049
:1064400014FA07B0F0BD10B5824C40F22551204639
:1064500000F058FD00280BD0204600F0AAFCC1B285
:106460007D4A1078402803D27C4B1954401C107090
:1064700010BD70B50546774C4021204600F037FD31
:106480000028F9D029462046BDE8704000F08DBCB8
:1064900030B50246704C2078814200D90146002078
:1064A0006E4B04E01D5C02F8015B401CC0B28842E8
:1064B000F8D300202070084630BD2DE9F041054694
:1064C0000E460024032000F00CF9624F761E0BE00C
:1064D000295D384600F069FC8021384600F007FD50
:1064E0000028F9D0641CE4B2B442F1DDBDE8F081CB
:1064F0002DE9F041584C6078002879D0002666706C
:1065000056483C213C38FFF7C3FFA070534D3C3D3B
:10651000297801297FD1811E2846FEF70DF8020A4D
:10652000C3B2A178681810F8027C9742DED110F847
:10653000010C9842DAD1687803220223A5F11007F2
:1065400003281CD08626062857D0102837D0802054
:1065500068700120A870A2704048A1783C38FDF70F
:10656000EBFFA178030A4A1CD2B26B54511CC9B28A
:10657000A170A854BDE8F04138483C389DE7A878A0
:10658000C0B9E9780F2915D868794300AB70A270BB
:106590000CE0A3785A1CD2B2EE540B4602F1010C67
:1065A000FB5C491C84F802C0C9B2AB54401EC0B2A7
:1065B000EFD2D1E783206870AB70A270CCE7A878E7
:1065C000B8B9E8780F2814D86A7928790832904049
:1065D000E070E8797870287AB870687AF870A87AEC
:1065E0003871E87A7871287BB871891EA170B3E799
:1065F00011E06E70AB70A270AEE7A87838B9E87899
:106600000F2804D86A793A54891EA170A4E76E70E5
:10661000AB70A270A0E769E730B40F4A002311788D
:10662000002912D014798C4203D01171537130BCFF
:10663000704751790529FAD20844C0B25071052833
:10664000F5D30120507030BC52E71371EFE7000022
:106650000004024000480040D0030020E80600206B
:1066600010B504466FF0040000F043F92949E00832
:10667000087000EB4002C2EBC0104FF6FF7202EA56
:10668000C000488010BD2349097848434FF0E021FD
:10669000486100238B61086940F0010008610869C6
:1066A000C20701D0C003FAD5086920F001000861D3
:1066B0008B6170471749498848434FF0E021486192
:1066C00000238B61086940F0010008610869C20776
:1066D00001D0C003FAD5086920F0010008618B6180
:1066E000704770B54FF40775B0FBF5F1CCB2B0FB55
:1066F000F5F105FB110604E02846FFF7DBFF641EF9
:10670000E4B2002CF8D1002E03D03046BDE8704032
:10671000D0E770BDD6030020704744490A8852066E
:10672000FCD5424AC1B2121D11807047F0B587B046
:1067300005460121402001F030FB0121202001F01D
:106740005CFB3B4F08220921384600F0F3F9082290
:106750000E21384600F0EEF94FF4844005900220F7
:106760008DF818008DF8190000248DF81A400126C4
:106770008DF81B6005A9384600F064F90195ADF865
:106780000840ADF80A40ADF80C40ADF810400C20C0
:10679000ADF80E00254C01A9204600F061FA012158
:1067A000204600F0D6FA002240F22551204600F0A3
:1067B00083FB47208DF8000003208DF801008DF841
:1067C00002008DF80360684600F04FF807B0F0BD96
:1067D00070B5164C40F22551204600F093FB00287E
:1067E0000ED0204600F0E5FAC1B2124A1088030428
:1067F00006D444044FF0000307D50A2901D01380C2
:1068000070BD40F40040108070BD0D290AD00A4DC3
:10681000C0F30D042955401C80B21080C728F3D95D
:10682000138070BD40F48040108070BD00140140A2
:1068300000180240DA03002028070020064880479D
:1068400006480047FEE7FEE7FEE7FEE7FEE7FEE755
:10685000FEE7FEE7FEE7FEE75D110008890100089C
:106860002B4908432B490860704730B50F23C27885
:1068700001250178002A1FD0264A126802F4E0623E
:10688000C2F5E062C2F30722C2F10404D3404278A9
:10689000A24084781C401443220101F1E02181F8D8
:1068A0000024007800F01F018D404009800000F1B5
:1068B000E020C0F8005130BD01F01F0085404809BC
:1068C000800000F1E020C0F8805130BD124A114034
:1068D00001431048001F016070470E4A121D002935
:1068E00003D0116801431160704711688143116042
:1068F00070474FF0E021042804D0086920F004001C
:1069000008617047086940F00400086170470000A2
:106910000000FA050CED00E080FFFF1F10B58D4967
:10692000884209D10121084601F073FA0021BDE82F
:106930001040012001F06DBA8749884209D1012138
:10694000022001F066FA0021BDE81040022001F0AB
:1069500060BA8249884209D10121042001F059FA24
:106960000021BDE81040042001F053BA7C49884260
:1069700009D10121082001F04CFA0021BDE81040A6
:10698000082001F046BA7749884209D10121102038
:1069900001F03FFA0021BDE81040102001F039BAA3
:1069A0007149884209D10121202001F032FA0021E9
:1069B000BDE81040202001F02CBA6C49884209D172
:1069C0000121402001F025FA0021BDE810404020BF
:1069D00001F01FBA6649884209D10121802001F0E7
:1069E00018FA0021BDE81040802001F012BA614978
:1069F00088420AD184150121204601F00AFA204676
:106A0000BDE81040002101F004BA5B4988420AD178
:106A100044150121204601F0FCF92046BDE8104054
:106A2000002101F0F6B9554988420AD10415012127
:106A3000204601F0EEF92046BDE81040002101F0AB
:106A4000E8B910BD2DE9F041002201274FF0030CF9
:106A500007FA02F50B682B40AB422CD106685300B5
:106A60000CFA03F4A64306600E79D0F800809E402D
:106A700046EA080606600E79012E01D0022E12D1D8
:106A80008668A64386604E79D0F808809E4046EA24
:106A9000080686604668AE43466045688E79964033
:106AA000B6B235434560C568A543C560CC799C4006
:106AB000C3681C43C460521C102AC9D3BDE8F081CE
:106AC0004FF6FF7101600021017141718171C17147
:106AD000704708B541F480320092009AC261C161EA
:106AE0000099C161C169C069009008BD02460020DB
:106AF00012690A4200D001207047006980B27047D5
:106B00000246002052690A4200D0012070474069C5
:106B100080B270470183704741837047002A01D0DB
:106B200001837047418370474161704742694A4021
:106B30004261704710B54B07DB0E9A40C90800EB65
:106B40008100016A0F249C40A1430162016A114344
:106B5000016210BD00000240000402400008024033
:106B6000000C0240001002400014024000180240D5
:106B7000001C024000200240002402400028024085
:106B800010B5F449884209D10121102001F071F9B2
:106B90000021BDE81040102001F06BB9EE49884299
:106BA0000AD101214C04204601F057F92046BDE8E6
:106BB0001040002101F051B9E84988420AD1012171
:106BC0008C04204601F049F92046BDE81040002120
:106BD00001F043B9E24988420AD10121CC042046A0
:106BE00001F03BF92046BDE81040002101F035B925
:106BF000DC4988420AD101210C05204601F02DF91B
:106C00002046BDE81040002101F027B9D64988424E
:106C100009D10121202001F02CF90021BDE810400C
:106C2000202001F026B9D14988420AD101218C07E0
:106C3000204601F012F92046BDE81040002101F085
:106C40000CB9CB4988420AD144050121204601F004
:106C500004F92046BDE81040002101F0FEB810BD47
:106C60007FB504460D46208A20F44051E888084349
:106C70002082A08941F20C618843A9882A891143A6
:106C80006A8902431143A181A08A20F44071A88936
:106C90000843A082684600F0E7FFAE48844202D075
:106CA000B148844201D1039800E00298A189090407
:106CB00008D500EBC00101EB001029684900B0FBCA
:106CC000F1F007E000EBC00101EB0010296889003A
:106CD000B0FBF1F06422B0FBF2F109010B096FF097
:106CE00018056B4300EB8300A3891D044FF03203AA
:106CF00007D503EBC000B0FBF2F000F0070008433B
:106D000006E003EB0010B0FBF2F000F00F000843C8
:106D100020817FBD4FF41651016000218180C18028
:106D200001810C2242818181704710B5028A22F4D0
:106D300070630A884C8822438C88C9880C4322439C
:106D40001A43028210BD0021018041808180C180F0
:106D50007047002904D0818941F400518181704736
:106D6000818921F4005181817047028B02F47F42B6
:106D70000283028B0A4302837047002904D0818971
:106D800041F40041818170478189C1F30E01818105
:106D90007047002904D0818A41F4006181827047E4
:106DA000818A21F4006181827047C1F308018180EA
:106DB00070478088C0F308007047028A22F00F02F3
:106DC0000282028A0A4302827047002904D0818924
:106DD00041F0020181817047818921F002018181A6
:106DE0007047828922F40062828182890A4382810B
:106DF0007047028A22F020020282028A0A4302823B
:106E00007047002904D0018A41F480410182704713
:106E1000018A21F4804101827047818941F001019A
:106E200081817047002904D0818A41F00801818264
:106E30007047818A21F0080181827047028BD2B2AB
:106E40000283028B42EA012101837047002904D0AA
:106E5000818A41F0200181827047818A21F02001DE
:106E600081827047002904D0818A41F0100181821B
:106E70007047818A21F0100181827047828A22F056
:106E800004028282828A0A4382827047002904D0E7
:106E9000818A41F0020181827047818A21F00201DA
:106EA00081827047002A03D0828A0A438282704717
:106EB000828A8A438282704710B540F66A13C1F312
:106EC000421301F01F040121A140012B07D0022B26
:106ED00007D014303AB102680A43026010BD0C308A
:106EE000F8E71030F6E702688A43026010BD0246F8
:106EF000002012880A4200D0012070478A05C94349
:106F00000180704770B5002440F66A12C1F3421345
:106F100001F01F05012606FA05F2012B0CD0022B09
:106F20000DD0838A1340090A8E40008830400BB18F
:106F300000B10124204670BD83891340F3E7038A22
:106F40001340F0E740F66A120A0A01219140C94352
:106F5000018070470010014000440040004800409C
:106F6000004C0040005000400014014000780040F8
:106F7000007C004010B5F949884209D1012108463A
:106F800000F077FF0021BDE81040012000F071BF44
:106F9000B0F1804F0CD0F249884213D10121022078
:106FA00000F05BFF0021BDE81040022000F055BF5B
:106FB0000121084600F051FF0021BDE810400120EA
:106FC00000F04BBFE749884209D10121042000F0BD
:106FD00044FF0021BDE81040042000F03EBFE2491C
:106FE000884209D10121082000F037FF0021BDE8C7
:106FF0001040082000F031BFDC49884209D101214E
:10700000102000F02AFF0021BDE81040102000F001
:1070100024BFD749884209D10121202000F01DFF5B
:107020000021BDE81040202000F017BFD149884260
:1070300009D10121022000F01CFF0021BDE8104011
:10704000022000F016BFCC4988420AD101210C046D
:10705000204600F00EFF2046BDE81040002100F061
:1070600008BFC64988420AD101214C04204600F0DD
:1070700000FF2046BDE81040002100F0FABEC049E4
:1070800088420AD101218C04204600F0F2FE2046FD
:10709000BDE81040002100F0ECBEBA49884209D199
:1070A0000121402000F0D9FE0021BDE81040402021
:1070B00000F0D3BEB449884209D10121802000F0FC
:1070C000CCFE0021BDE81040802000F0C6BEAF49D4
:1070D00088420AD184150121204600F0BEFE2046D8
:1070E000BDE81040002100F0B8BE10BD30B50288E8
:1070F0009A4CA04DA0420DD0A8420BD0B0F1804FC9
:1071000008D0974B984205D0964B984202D0964BA8
:10711000984203D122F070034A881A43934B984255
:1071200006D0934B984203D022F440730A891A4345
:1071300002804A68C2620A880285A04201D0A84241
:1071400001D1897A01860121818230BD4FF0FF3162
:107150004160002101800181418081727047018579
:1071600082827047028822F070020A4302807047D0
:1071700041627047C1627047406A7047008D704736
:10718000002904D0018841F0020101807047018884
:1071900021F0020101807047002904D0018841F0EC
:1071A000040101807047018821F0040101807047CB
:1071B000002904D0018841F08001018070470188D6
:1071C00021F0800101807047028822F008020280CD
:1071D00002880A4302807047028822F440720280CB
:1071E00002880A4302807047002904D0018841F0D8
:1071F000010101807047018821F001010180704781
:1072000030B5028C22F001020284058C8388028B47
:1072100022F0700222F003020C88144325F00202CF
:107220008D8915434A882A434C4DA84202D0514DBE
:10723000A8420FD122F00805CA892A4322F004058A
:107240008A882A4323F4807323F400730D8A1D4334
:107250004B8A2B438380048389684163028430BD59
:1072600070B5028C22F010020284028C8388048B99
:1072700024F4E04424F440760D884FF6FF7404EAC9
:107280000525354322F020028E8904EA06161643AE
:107290004A8804EA02123243304EB04202D0354EE0
:1072A000B04217D122F08002CE8904EA06161643B6
:1072B00026F040068A8804EA0212324323F48063EF
:1072C00023F400630E8A04EA86061E434B8A04EA0E
:1072D000830333438380058389688163028470BD9F
:1072E00070B5028C22F480720284028C8388848BB5
:1072F00024F0700424F003040D88254322F4007266
:107300008E894FF6FF7404EA062616434A8804EA7B
:1073100002223243114EB04202D0164EB04217D173
:1073200022F40066CA8904EA0222324322F480660B
:107330008A8804EA0222324323F4805323F4005360
:107340000E8A04EA06161E434B8A04EA03133343EB
:10735000838085838968C163028470BD0000014019
:107360000004004000080040000C004000100040F5
:10737000001400400004014000400140004401406E
:107380000048014000180040001C00400020004060
:1073900070B5028C22F480520284058C8288838B23
:1073A00023F4E04323F440760C884FF6FF7303EA9E
:1073B0000424344325F400558E8903EA06362E430F
:1073C0004D8803EA05353543FE4EB04202D0FE4EED
:1073D000B04205D122F480460A8A03EA821232437F
:1073E00082808483896801640584B6E70021018076
:1073F0004180818081608181C181018241827047A9
:1074000030B500F1180301248C40058CA543058498
:10741000002912D0082910D0091FC1F34E001844CA
:10742000016848F6FF731940016001684FF6FF7369
:1074300003EA02221143016030BD03EB51000168F1
:107440004FF68F731940016001681143016030BD30
:107450004163704781637047C1637047016470473F
:10746000028B22F070020A4302837047028B22F4DF
:10747000E0424FF6FF7303EA012111430183704795
:10748000828B22F070020A4382837047828B22F43F
:10749000E0424FF6FF7303EA0121114381837047F5
:1074A000028B22F008020A4302837047028B22F407
:1074B00000624FF6FF7303EA012111430183704715
:1074C000828B22F008020A4382837047828B22F467
:1074D00000624FF6FF7303EA012111438183704775
:1074E000028B22F004020A4302837047028B22F4CB
:1074F00080624FF6FF7303EA012111430183704755
:10750000828B22F004020A4382837047828B22F42A
:1075100080624FF6FF7303EA0121114381837047B4
:10752000028B22F080020A4302837047028BC2F36F
:107530000E024FF6FF7303EA0121114301837047E6
:10754000828B22F080020A4382837047828BC2F3CF
:107550000E024FF6FF7303EA012111438183704746
:10756000028C22F002020A4302847047028C22F04D
:1075700008020A4302847047028C22F020024FF670
:10758000FF7303EA0111114301847047028C22F05A
:1075900080024FF6FF7303EA011111430184704723
:1075A000028C22F400724FF6FF7303EA01211143AB
:1075B00001847047028C22F400624FF6FF7303EAE5
:1075C0000121114301847047028C22F400524FF6CE
:1075D000FF7303EA013111430184704710B50123A1
:1075E0008B40048C9C430484038C8A4013430384A3
:1075F00010BD10B504238B40048C9C430484038C81
:107600008A401343038410BD828B22F4406282833C
:10761000828B4FF6FF7303EA01210A43828370478E
:1076200070B5048C24F480540484858B068C4FF64A
:10763000FF7404EA013125F4734504EA02222A4367
:1076400004EA0333134326F420420A4342F48051F0
:107650008383018481E6828B22F00C028283828BF9
:107660000A4382837047F0B5048C24F48074048448
:10767000868B058C4FF6FF7707EA012426F0F30688
:1076800007EA03111143314325F42062224342F4F7
:10769000807281830284F0BD028B22F440620283F7
:1076A000028B4FF6FF7303EA01210A4302837047FE
:1076B00070B5048C24F010040484058B068C4FF6FE
:1076C000FF7404EA011125F4734504EA03332B43E4
:1076D00004EA02221A4326F0A0030B4343F01001F0
:1076E0000283018439E6028B22F00C020283028BB2
:1076F0000A430283704770B5048C24F001040484AB
:10770000058B048C25F0F3054FF6FF7606EA03138C
:1077100013432B4324F00A020A4342F0010103837E
:1077200001841AE670B506460C4625886188A28851
:107730002389002D0BD0042D11D0082D17D03046F1
:10774000FFF76EFFE1883046BDE870405CE73046E9
:10775000FFF7D1FFE1883046BDE87040C3E730460F
:10776000FFF7A6FFE1883046BDE8704094E7304659
:10777000FFF779FFE1883046BDE870406BE70021F4
:107780000180418001228280C180018170472DE902
:10779000F04107460C46002501266188002900D1EA
:1077A0000225A288012A00D1022620882389B0B1AF
:1077B0003846FFF77DFFE1883846FFF76DFF2389E4
:1077C000324603E0000001400004014029463846EB
:1077D000FFF791FFE1883846BDE8F04183E738467E
:1077E000FFF789FFE1883846FFF77DFF238932469E
:1077F00029463846FFF75CFFE1883846BDE8F0418E
:107800004AE7406B7047806B7047C06B7047006CF5
:10781000704710B50A884B88CC881A438B8823435D
:107820001A430B891A434B8989891A430A43A0F8E2
:10783000442010BD0021018041808180C1800181F0
:10784000418181817047002905D030F8441F41F4FF
:1078500000410180704730F8441FC1F30E010180E0
:107860007047002904D0818841F00401818070476D
:10787000818821F0040181807047002904D081882B
:1078800041F0010181807047818821F001018180F0
:107890007047002A03D082890A4382817047828917
:1078A0008A43828170478182704702460020128A93
:1078B0000A4200D001207047C94301827047024646
:1078C0000020138A0B4092890A40002B02D0002A24
:1078D00000D001207047C943018270471143A0F8CE
:1078E00048107047002A03D082890A43828170477A
:1078F00082898A4382817047002904D0818841F0BF
:10790000080181807047818821F0080181807047DB
:10791000018921F0070101817047028922F070027C
:107920000A430281704700B503461846FFF7F5FF8A
:10793000188940F00700188100BD70B50D46044657
:107940001146602D0CD001222046FFF7D4FE2946B7
:107950002046FFF7E2FF208940F007002081FCE489
:1079600001222046FFF7A4FEF1E730B50489E4B216
:107970004FF6FF7505EA032313430B4323430381AB
:1079800030BD10B504462046FFF7EFFF208920F0F8
:10799000070040F0070020F0700040F070002081E8
:1079A00010BD10B504462046FFF7DFFF208940F4E4
:1079B0008040208110BD828822F0700282808288FF
:1079C0000A4382807047028922F0070202810289FD
:1079D0000A4302817047028922F0800202810289F3
:1079E0000A430281704770B50589048B068C25F027
:1079F00007050D434FF6FC410C4040F201110C43CA
:107A000026F022064FF6FF7101EA031111433143BC
:107A1000058104830184A0E4002904D0818841F019
:107A2000800181807047818821F0800181807047CA
:107A3000A0F850107047000010B501218C032046BB
:107A400000F017FA2046BDE81040002100F011BAFE
:107A500013490860704713490862704710B58A07D8
:107A6000120F0F23934021F003040F49214401F624
:107A700008010C689C430C600B68904003430B604A
:107A800010BD0849DC31086070470849086070473C
:107A90000020034920310968C90500D5012070473D
:107AA0000038014000002742003001400004274216
:107AB000FA48016841F001010160F84A00210832EA
:107AC00011600268F64B1A400260031DF54A1A6005
:107AD000F24BF54A84331A60F24A103A1B1D1A60C1
:107AE000026822F480220260EC480C300160181D0C
:107AF00001607047E9490022891C0A7008707047CC
:107B000002460020510901290CD002290DD0E34979
:107B10007431096802F01F02012393400B4200D028
:107B200001207047DD490968F4E7DC4970310968D4
:107B3000F0E718B5002000904FF4A0443120FFF783
:107B4000DFFF0099491C00910099A14201D0002853
:107B5000F4D03120FFF7D4FF08B1012018BD002078
:107B600018BDCE4A116821F0F80141EAC00010604A
:107B70007047CE4908607047C849002270310A70CA
:107B80000A70012804D0042801D10520087070472C
:107B9000012008707047C6490860704710B5029C04
:107BA00041EA82114FF0FF3202EB530241EA0241F7
:107BB000014341EA0460B949091D086010BDBB4991
:107BC00008667047800140EA0170B449843108605A
:107BD0007047B64988667047800140EA0160AF4946
:107BE00040EA0270883108607047B0490867704702
:107BF000AE49C8647047A94B08331A6822F0EC629A
:107C00000843104318607047A44B08331A6822F0E9
:107C100078420843104318607047A04A0832116840
:107C200021F003010143116070479C48083000684F
:107C300000F00C007047994A0832116821F0F001F9
:107C4000014311607047954A0832116821F4E051F0
:107C5000014311607047914A0832116821F4604174
:107C600041EAC0001060704770B58C4B083319684A
:107C700001F00C018F4C00291ED0661004291DD084
:107C800008291DD00460196801F0F00109098A4A29
:107C9000545C0168E14041601C6804F4E054A40AAB
:107CA000145D21FA04F484601B6803F460435B0BE9
:107CB000D25CD140C16070BD0460E4E70660E2E7D9
:107CC000764A121D1168C1F38055116801F03F0119
:107CD00035B1B6FBF1F11468C4F38814614305E0D3
:107CE000B4FBF1F11468C4F3881461431268C2F361
:107CF0000142521C5200B1FBF2F10160C3E7C0F334
:107D00000121032908D1654B0833196821F4F812C1
:107D10006A49014011431960604A70321168C0F32A
:107D20000B00014311607047614944390860704796
:107D30005F49403908607047614908607047574A99
:107D40008C32116821F01F01401E01431160704701
:107D5000524A8C32116821F4F851401E41EA002049
:107D6000106070474D4A8C32116821F44011014374
:107D700011607047494A8C32116821F44001014377
:107D800011607047454A8C32116821F4403101433B
:107D9000116070474B4908607047404A30320029F3
:107DA00003D011680143116070471168814311606D
:107DB00070473A4A3432002903D0116801431160F8
:107DC00070471168814311607047344A3832002986
:107DD00003D011680143116070471168814311603D
:107DE00070472E4A4032002903D0116801431160C8
:107DF00070471168814311607047284A4432002956
:107E000003D011680143116070471168814311600C
:107E10007047224A1032002903D0116801431160D3
:107E2000704711688143116070471C4A1432002961
:107E300003D01168014311607047116881431160DC
:107E40007047164A1832002903D0116801431160A7
:107E500070471168814311607047104A2032002931
:107E600003D01168014311607047116881431160AC
:107E700070470A4A2432002903D011680143116077
:107E800070471168814311607047044A50320029DD
:107E90001AD0116801431160704700000038024099
:107EA000FFFFF6EA103000240030002000004742B7
:107EB000800E47420024F400E0030020FFFCFF0F87
:107EC0005C014742E0114742116881431160E3E7DA
:107ED0002E4A002903D0116801431160DCE71168C4
:107EE00081431160D8E7294A121D002903D0116887
:107EF00001431160D0E7116881431160CCE7234A48
:107F00000C32002903D0116801431160C4E71168E5
:107F100081431160C0E71D4A1032002903D0116867
:107F200001431160B8E7116881431160B4E7174954
:107F30001C31012804D0086820F008000860ABE775
:107F4000086840F008000860A6E7104A473A002990
:107F500003D01178014311709EE7117881431170AD
:107F60009AE70A482030016841F08071016093E788
:107F700001460020054A483A12680A428CD0012086
:107F80008AE702494639087086E700005438024003
:107F9000354900200860091D0860091D0860091D99
:107FA00008603149314814310860704730B52E4AB5
:107FB00083790168002B2AD013688B431360111D4D
:107FC0000B680468A3430B60017911440B680468D3
:107FD00023430B60244C08342168036899432160D3
:107FE000231D19680568A94319604179102905D036
:107FF00011440A68006802430A6030BD21680268C3
:1080000011432160196800680143196030BD00798F
:10801000104402688A43026030BD00210160017192
:108020000C224271817170470F4910310A68024376
:108030000A607047014600200B4A143212680A4257
:1080400000D001207047084914310860704701468C
:108050000020054A143212680A4200D001207047FD
:108060000149143108607047003C0140FFFF7F0068
:108070002DE9F043016821F0010101600021016058
:1080800041608160C160016121214161C149C14AF2
:1080900010394FF03D08904203D1C1F80880BDE887
:1080A000F083BC4A4FF474651832904201D18D6060
:1080B000F5E7B84A4FF474163032904201D18E6021
:1080C000EDE7B44A4FF074674832904201D18F60B7
:1080D000E5E7B04BB04A6033984201D1CA60DEE7B1
:1080E000AC4CAE4B7834A04201D1CB60D7E7DFF87F
:1080F000A4C2AB4C0CF1900C604501D1CC60CEE732
:10810000DFF890924FF03D5C09F1A809484502D193
:10811000C1F80CC0C3E7A349DFF888920839484585
:1081200002D1C1F80080BAE7DFF8788208F11808B8
:10813000404501D10D60B2E79A4D3035A84201D1DA
:108140000E60ACE7974D4835A84201D10F60A6E715
:10815000944D94496035091FA84201D10A609EE7F9
:10816000904A7832904201D10B6098E78D4A903264
:10817000904201D10C6092E78A4AA83290428ED197
:10818000C1F800C08BE730B50368874A1340CC685C
:108190000A682243D1E905452C432243CC69224396
:1081A0000C6A22434C6A22438C6A22434C6B224362
:1081B0008C6B22431A430260426922F00703D1E923
:1081C0000B2422431A4342610A6942604A68826072
:1081D0008968C16030BD0021016041608160C1607B
:1081E000016141618161C161016241628162C1627B
:1081F0000163416381637047002904D0016841F045
:10820000010101607047016821F0010101607047C0
:10821000002904D0016841F4004101607047016801
:1082200021F4004101607047002904D0016841F049
:10823000200101607047016821F020010160704752
:1082400041607047406880B27047002A04D00268DD
:1082500042F40022026003E0026822F4002202607D
:1082600001617047002904D0016841F48021016058
:108270007047016821F4802101607047002A01D015
:1082800001617047C1607047014600200968090319
:1082900000D501207047014600200968C90700D0B9
:1082A00001207047406900F0380070470246002006
:1082B0003C4B9A4202D2374A103A01E0394A103A0E
:1082C0008B0001D5526800E01268384B1A400A4210
:1082D00000D001207047334A904202D22D48103816
:1082E00001E030481038314A8B0001EA020101D523
:1082F000C1607047816070470B0609D522B14369A0
:1083000043F08003436103E0436923F0800343614A
:10831000802905D001F01E011AB102680A430260EB
:10832000704702688A430260704730B500241D4AD6
:10833000904202D2174A103A01E01A4A103A1C4BF6
:10834000194205D01E2303EAD12503682B4002E021
:10835000406900F08003880001D5506800E0106893
:10836000124A1040084201D003B10124204630BD1A
:108370000C4A904202D20748103801E009481038F0
:108380000A4A8B0001EA020101D5C1607047816091
:1083900070470000106002403D000020400F0020A8
:1083A00000003D20106402403F801CF07D0F7D0FD7
:1083B0003C0F3C0F0D49086070470C4948607047FE
:1083C0000A498860704709494AF6AA200860704740
:1083D00006494CF6CC400860704701460020034A2D
:1083E000D2680A4200D001207047000000300040EF
:1083F000F0B506464FF6FF70002341F22105044612
:1084000011E0F25C80EA02200022070403D585EA2D
:10841000400080B201E004EA4000521CD2B2082AB7
:10842000F3D35B1C9BB28B42EBD3F0BD2DE9F04143
:108430000D46464C0021464E2278072A5CD2DFE8E2
:1084400002F0040B13182A363B00A52801D10120A5
:1084500020700020BDE8F0815A2803D00020207051
:108460000020F7E70220FAE7307003202070002098
:10847000F0E77070327842EA00206080401FB0F56B
:10848000007F02D921700020E4E70220A0800420B0
:1084900020700020DEE7A1884A1C92B2A2807054AE
:1084A0006088824201D3052020700020D2E76070EE
:1084B000062020700020CDE7627842EA0027217074
:1084C00061882348FFF794FFB84201D00020C1E73C
:1084D000B07831462870C8780A7940EA022068806E
:1084E0006088401F82B2A5F804221AB1491D281DD8
:1084F00000F0AEFC0120ADE721700020AAE72DE9D5
:10850000F0411746069C1D466A1D96B2A5222270B0
:108510005A226270A670320AE27020716171080AF4
:10852000A071002D04D0E01D2A46394600F090FCD1
:10853000ED1DADB23146A01CFFF75AFF691C89B290
:108540006055020A481C80B2625483E7F0030020A1
:10855000F0070020FE4880687047002A01D0FEF72F
:10856000D9BAFEF7D9BAFA48012141700221017047
:108570009FEDF80A80ED0A0A80ED090A80ED0B0AEA
:10858000072181707047052917D3F1494A78002ADD
:1085900013D10268CA6200798870EF4AC86A9042B3
:1085A00003DD9FEDEE0A81ED0B0AED4AC86A9042A9
:1085B00003D99FEDEC0A81ED0B0A7047092927D3F7
:1085C000E3494A78002A23D10A78002A20D0026899
:1085D0004A6240688862E44A486ABFEE000A9042F4
:1085E00001D981ED090A486A4FF07E53F7EE000A7F
:1085F000984201DDC1ED090A886A904201D981EDF6
:108600000A0A886A984201DDC1ED0A0A0120087051
:10861000704710B5D54C40F225512046FEF772FC4C
:10862000002825D02046FEF7C4FBC94CC0B2E0703C
:10863000CF49FFF7FBFE00281AD0FFF78BFFE06061
:10864000CB480178012909D002290ED004290FD185
:10865000B0F80412BDE81040001D94E74288B0F85D
:108660000412BDE81040001DA8E7BDE810407AE7FD
:1086700010BD2DE9F04105460E460024BB4F0BE02E
:1086800080213846FEF733FC0028F9D0295D3846B2
:10869000FEF78BFB641CA4B2B442F1D3BDE8F081B9
:1086A000AB480021417001708170704710B545F2F0
:1086B0005550FFF77FFE0420FFF77FFE4FF4487010
:1086C000FFF77EFEFFF77FFEBDE81040FFF780BE9C
:1086D0009F4881684269891AC82903D3816841612A
:1086E000FFF771BE70479A484178DFED9A0A00297A
:1086F00002D0B0EE600A01E090ED090A01D1D0EDA0
:108700000A0A9FED9C1AD0ED061A30EE610A90ED30
:10871000072A70EEC20AB4EEC10AF1EE10FA01DDCA
:10872000B0EE410ADFED942AB4EEE20AF1EE10FA5F
:1087300001D2B0EE620AF4EEC10AF1EE10FA01DDE8
:10874000F0EE410AF4EEE20AF1EE10FA01D2F0EE98
:10875000620A31EE800A80ED060A32EE200A80EDD0
:10876000070A70477A4A92ED060A80ED000A92EDF8
:10877000070A81ED000A70472DE9F0472DED028BC5
:1087800000247B4F4FF49679303F07F110089FED9E
:10879000718A07F12006DFED798A57F8245035B148
:1087A000FFF7D8FE58F82410401A484504D906EBC4
:1087B000840080ED008A09E000EE105A06EB840088
:1087C000B8EE400AC8EE800AC0ED000A641C042C12
:1087D000E3DBBDEC028BBDE8F0876548103890ED17
:1087E000000AD0ED010A30EE200AD0ED020A30EE88
:1087F000200AD0ED030A30EE200AF5EE000A20EE42
:10880000200AB5EEC00AF1EE10FA01D2B1EE400A2C
:1088100070479FED500A704770B50024584D4FF4D3
:1088200000412846FEF762F900B901244FF4806147
:108830002846FEF75BF908B944F002044FF40061E2
:108840002846FEF753F908B944F00404204670BDE9
:1088500000B58FB0FFF7C1FF8DED040AFFF7D9FF18
:108860008DED030A9FED470A8DED020A04980B90E7
:1088700003980C9002980D90FFF7CEFF8DF838000A
:10888000334801788DF8391005A9009181880E23AD
:108890004A1C82800BAA1020FFF731FE014605A872
:1088A000FFF7E7FE0FB000BD2DE9F041284D287815
:1088B000012801D1687840B100270024DFF8C0808A
:1088C0001026687818B101220BE00127F5E727B1DF
:1088D000A878E04000F0010203E0A878E04000F052
:1088E000010206FA04F081B24046FFF736FE641C2E
:1088F000E4B2032CE5D3D1E670B52DED048B144C16
:1089000094ED0B0AD4ED080A70EE608A60781E4E72
:1089100000287CD1F5EEC08AF1EE10FA77D0F5EEA2
:10892000C08AF1EE10FA01DD012200E000222021D0
:108930001648FFF712FEB3EE099AF3EE040A28EE8A
:10894000890A20EE208AB5EEC08AF1EE10FA1FE007
:10895000F8030020000000000000484200004842E8
:10896000000048C2000048C2000080BF001401405F
:10897000280A002018B7513918B751B90100FA4335
:10898000000C024000004042000800400004024089
:1089900001D2B1EE488A18EE101AFE48814201DD7C
:1089A0009FEDFD8AFD4818EE101A814201DA1FED95
:1089B000158A9FEDFB0AC0EE080ABCEEE00A10EE35
:1089C000100A401E85B229463046FEF7D3FB6908DF
:1089D0003046FEF73DFD01213046FEF705FCC8EEAE
:1089E000090AF5EEC08AF1EE10FA01DD012001E07E
:1089F0004FF0FF3000EE100AB8EEC00A60EE800AB9
:108A000094ED080A9FEDE71A00EE810A00E020E0ED
:108A100084ED080AF5EEC08AF1EE10FA06DDD4ED19
:108A20000B0AB4EEE00AF1EE10FA0BDCF5EEC08AA8
:108A3000F1EE10FA0AD2D4ED0B0AB4EEE00AF1EE30
:108A400010FA03D294ED0B0A84ED080ABDEC048BF6
:108A500070BD00213046FEF7C7FB60780028F5D0D6
:108A60001FED440A84ED080AF0E710B5CE4CA0686B
:108A7000401CA0602078012809D1607838B9A0682E
:108A8000E168401AB0F5FA7F01D9FFF76CFDFFF7F6
:108A90001FFEFFF728FEFFF76FFEFFF705FFFFF74A
:108AA0002BFFA0683221B0FBF1F201FB120000287D
:108AB00002D1BDE81040CBE610BD7FB501211020EA
:108AC000FFF78FF95320ADF8040040F2E730029031
:108AD0000024ADF80C40ADF80640B44D01A928467D
:108AE000FEF704FB20212846FEF765FF0122114610
:108AF0002846FEF7CEFE01212846FEF7DDFE362190
:108B00008DF8001003218DF801108DF8024001212D
:108B10008DF803106846FDF7A8FE01212846FEF7F0
:108B200063FB7FBD2DE9F04393B001210F20FFF7D8
:108B300034F901210620FFF754F901212020FFF725
:108B40005CF901268DF8486000248DF84A408DF8C4
:108B500049408DF84B4070201190954D11A9284641
:108B6000FDF770FFA0201190DFF8488211A9404660
:108B7000FDF768FF012280214046FFF7EEFC8DF8EB
:108B800048408DF84B604FF40C40119011A92846D5
:108B9000FDF758FF02278DF848708DF84A408DF890
:108BA0004B60C0251195DFF8109211A94846FDF7DA
:108BB00049FF082206214846FDF7BCFF082207218D
:108BC0004846FDF7B7FF4FF4E1300D90ADF838405F
:108BD000ADF83A40ADF83C40ADF840400C20ADF85F
:108BE0003E00DFF8D8910DA94846FEF739F801227A
:108BF00040F225514846FEF75FF901214846FEF74D
:108C0000A8F847208DF830008DF831708DF832408B
:108C10008DF833600CA8FDF728FE4020119011A9B3
:108C20004046FDF70FFF022206214046FDF782FF76
:108C30005327ADF8247040F2E7300A90ADF82C408D
:108C4000ADF82640DFF8789109A94846FEF74EFABC
:108C50006020ADF81000ADF812604FF4FA70069085
:108C600004A94846FEF7CCFA08214846FEF718FC4E
:108C700001214846FEF79CFA11958DF84B404FEACA
:108C8000793511A92846FDF7DDFE0320119011A9C1
:108C90004046FDF7D7FE022206212846FDF74AFF8F
:108CA000022207212846FDF745FF02220021404607
:108CB000FDF740FF022201214046FDF73BFFADF8E2
:108CC00024704FF6FF750A953E4F09A93846FEF706
:108CD0000DFAADF80640ADF80860ADF80A40ADF801
:108CE0000C400124611E05EA8100ADF8040001A9D1
:108CF0003846FEF717FD641CA4B2042CF2D90122F9
:108D00001E213846FEF7C5FD01213846FEF76CFAF4
:108D10001D208DF830008DF831608DF832600CA880
:108D2000FDF7A3FDFFF7C2FCFFF7C7FE13B0BDE8D8
:108D3000F0832DE9F041DFF88C8002214046FEF7F8
:108D4000BEFD194C204D184E303405F1100768B1A6
:108D50004046FEF756FD2188411A89B22960B16864
:108D60003960208002214046FEF7B5FD04214046CF
:108D7000FEF7A5FD68B14046FEF745FD6188411A42
:108D800089B26960B1687960608004214046FEF76D
:108D9000A2FD1BE00000FA440000FA440000484233
:108DA000002474496F12833AF80300200010004039
:108DB000000C024000040240000802400014014080
:108DC0000008004000040040F80900200821404647
:108DD000FEF775FD68B14046FEF717FDA188411A00
:108DE00089B2A960B168B960A08008214046FEF749
:108DF00072FD10214046FEF762FD00280FD040466C
:108E0000FEF705FDE188411A89B2E960B168F960B1
:108E1000E0804046BDE8F0411021FEF75CBD3DE436
:108E2000094881680161704710B5084C012120464E
:108E3000FEF745FD002806D001212046FEF74BFD38
:108E4000BDE8104011E610BDF803002000100040FE
:108E500040EA01039B0703D009E008C9121F08C0BC
:108E6000042AFAD203E011F8013B00F8013B521E3C
:108E7000F9D27047D2B201E000F8012B491EFBD2B3
:108E800070470022F6E710B513460A460446194615
:108E9000FFF7F0FF204610BD2DE9FE4F804681EA26
:108EA0000300C00F0C46009021F0004123F0004564
:108EB000B8EB0200A94105D24046214690461C4627
:108EC0000B46024623F00040104347D0270DC7F35E
:108ED0000A00C3F30A510290401A019040286BDA4D
:108EE000C3F3130040F4801B0098924620B1002386
:108EF000D2EB030A63EB0B0B01985946C0F1400219
:108F0000504600F04EFA06460D4650465946019A24
:108F100000F066FA10EB08006141002487EA115264
:108F200084EAE7731A4340D0009A62B3019A012A97
:108F30004FEA075215DC001B61EB02014FF00042C3
:108F400002EA0752CDE90042001C41F58011324689
:108F50002B4600F09DFA03B0BDE8F08F4046214655
:108F6000F9E7001B61EB0201001C41F580130018BA
:108F70005B412018A2F5001747EB030140EAD570CA
:108F8000B6196D4111E06D084FEA360645EAC07525
:108F90004FEA0752001B61EB0201001C41F58011F2
:108FA00049084FEA30000019514132462B4603B0C0
:108FB000BDE8F04F00F05DBA0098012240000023A8
:108FC000D0EB020263EBE073009821464FEAE074B5
:108FD000B8EB000061EB0401E9E783F000435BE7D5
:108FE00081F0004158E72DE9FE4F81EA030404F0C7
:108FF000004421F0004100944FF0000B23F00043A7
:1090000050EA01045ED052EA03045BD0C3F30A5471
:10901000C1F30A552C44A4F2F3340194A0FB02548A
:10902000C1F3130141F48011C3F3130343F480131C
:1090300001FB024400FB034E840A970A44EA815470
:1090400047EA8357A4FB076802958D0A05FB07854D
:109050004FEA932C04FB0C542705029D4FEA065857
:1090600047EA1637B5EB08056EEB070C870E920E34
:1090700047EA811742EA8312A7FB0201B6EB0B0114
:1090800064EB00042B0D43EA0C335E1844EB1C50D8
:10909000DA465146E7FB0201C5F313044FEA0B33EE
:1090A00043EA14534FEA0432019C43EA0603A4F155
:1090B0000C040294009CCDE900B400F0E9F903B07F
:1090C000BDE8F08F00200146F9E72DE9F04D81EA77
:1090D000030404F0004B21F0004514464FF0000A51
:1090E00023F0004150EA050220D054EA01021DD0CD
:1090F000C5F30A570246C5F31303C1F31300C1F3C6
:109100000A5640F4801543F48013A7EB0608101BA1
:10911000D64608F2FD3873EB050002D308F10108CA
:1091200001E092185B41B8F1000F03DA002001461C
:10913000BDE8F08D00204FF48011064684460EE015
:10914000171B73EB050705D3121B63EB05030643DF
:109150004CEA010C49084FEA300092185B4150EA92
:109160000107EDD152EA030012D082EA040083EA3B
:109170000501084305D0101BAB4106D20122002394
:1091800006E000224FF0004302E06FF001025310AE
:109190001AEB06004CEB085110EB0A0041EB0B01F7
:1091A000BDE8F04D00F065B90EB5C10F80EAE07082
:1091B0000844CA07002140F233438DE80E000A46F6
:1091C0000B4600F065F903B000BD0EB540F2334127
:1091D00002910021CDE900110A460B4600F058F932
:1091E00003B000BD70B5C1F30A5201F00045002480
:1091F000C1F3130140F2FF3341F480119A4201DAC6
:10920000002070BD40F233439A42A2F2334203DCA5
:10921000524200F0D5F800E090402C43F1D040429B
:1092200070BDC1F30A5210B5C1F3130140F2FF3310
:1092300041F480119A4201DA002010BD40F233431C
:109240009A42A2F2334203DC524200F0B9F810BD58
:10925000904010BD00F0004230F000400AD0C10D37
:1092600001F56071C0F3160042EA0151C2084007DF
:1092700011437047002001467047000030B5041EBE
:1092800071F1000404DB4FF00044404264EB010143
:10929000141E73F1000405DB1C464FF000435242DC
:1092A00063EB04038B4208BF824230BD30B5041E1D
:1092B00071F1000404DB4FF00044404264EB010113
:1092C000141E73F1000405DB1C464FF000435242AC
:1092D00063EB0403994208BF904230BD01F00043A4
:1092E00030B421F0004150EA010206D00A0DA2F587
:1092F0006072C1F31301002A02DC30BC0020704709
:10930000440F44EAC104C100E01830BC00EBC25075
:1093100000F078B830B50B46014600202022012429
:1093200009E021FA02F59D4205D303FA02F5491B33
:1093300004FA02F52844151EA2F10102F1DC30BD49
:109340002DE9F05F0546002092469B46884606467A
:10935000814640241BE0284641464746224600F00D
:109360002FF853465A46C01A914110D31146184659
:10937000224600F016F82D1A67EB01084F462246E8
:109380000120002100F00DF817EB00094E41201ECE
:10939000A4F10104DFDC484631462A464346BDE8D5
:1093A000F09F202A04DB203A00FA02F100207047E7
:1093B0009140C2F1200320FA03F319439040704713
:1093C000202A04DB203A21FA02F00021704721FA1A
:1093D00002F3D040C2F12002914008431946704781
:1093E000202A06DBCB17203A41FA02F043EAE07369
:1093F00006E041FA02F3D040C2F120029140084356
:10940000194670470029A8BF7047401C490008BF93
:1094100020F00100704710B4B0FA80FC00FA0CF0A4
:1094200050EA010404BF10BC704749B1CCF12004DC
:1094300021FA04F411FA0CF118BF01212143084369
:10944000A3EB0C01CB1D4FEA00614FEA102042BF95
:10945000002010BC704700EBC35010440029A4BF8B
:1094600010BC7047401C490008BF20F0010010BC30
:10947000704710B5141E73F1000408DA401C41F166
:10948000000192185B411A4301D120F0010010BD88
:109490002DE9F04D92469B4611B1B1FA81F202E0FE
:1094A000B0FA80F220329046FFF77BFF04460F4669
:1094B00040EA0A0041EA0B0153465A46084313D0DA
:1094C000114653EA010019D0C8F140025046FFF797
:1094D00077FF05460E46504659464246FFF761FF64
:1094E000084305D0012004E020463946BDE8F08D50
:1094F0000020054346EAE0762C4337430A9863058B
:10950000E40AA0EB08000022FD0A44EA47540A30AE
:1095100002D500200146E9E7010510196941DDE99E
:10952000084500196941BDE8F04DA2E7C1F30A52B0
:10953000C1F3130140F2FF3341F480119A4202DA81
:1095400000200146704740F233439A42A2F2334270
:1095500002DC5242FFF734BFFFF723BF064C074D32
:1095600006E0E06840F0010394E8070098471034F3
:10957000AC42F6D3F6F70CFED8B10008F8B10008FB
:1095800070B58C1810F8015B15F0070301D110F8C5
:10959000013B2A1106D110F8012B03E010F8016BF2
:1095A00001F8016B5B1EF9D12B0705D40023521E75
:1095B0000DD401F8013BFAE710F8013BCB1A921CDD
:1095C00003E013F8015B01F8015B521EF9D5A142DB
:1095D000D8D3002070BD00000FB4054B10B503A90F
:1095E000044A029801F0E4F810BC5DF814FB000096
:1095F0001B670008DC0300200FB4084B10B504A95A
:1096000002AA039801F0D4F8044602A9002001F050
:1096100066FC204610BC5DF814FB0000DFAE0008BD
:1096200003B401984100009850EAC12018BF0420FB
:109630004A0D18BF40F0010040F2FF72B2EB515FDB
:1096400008BF40F00200012808BF052002B07047A3
:1096500070B59B482DED020B2DED068B079D25F077
:109660000044A04218DC9748844202DC0AD10698E4
:1096700040B19DED060BBDEC068B02B0BDE870401D
:1096800000F092BF002DCCBF9FED8F0B9FED900B94
:10969000BDEC068B02B070BD8F48A04215DD8F482F
:1096A000A042D8BF4FF0FF3458DD9DED060B51ECC2
:1096B000100BFFF7B5FF042808BF00F091FF9DEDE8
:1096C000060BBDEC068B02B070BD9DED060B51EC98
:1096D000100B01F009FCCDE9060181489FED828B5A
:1096E000A0423CDD8248A0421FDD00249FED82ABFA
:1096F0009DED060B53EC1A2B51EC100BFFF7CCFB36
:109700009DED060B41EC190B53EC1A2B51EC100B91
:10971000FFF769FC53EC182BFFF75FFC53EC192B98
:10972000FFF7D3FCCDE9060149E09DED060B0124CE
:1097300053EC182B51EC100BFFF7AEFB9DED060B15
:1097400041EC190B53EC182B51EC100BFFF745FCB7
:1097500053EC192BFFF7B9FCCDE906012FE068485F
:10976000A0421FDD02249FED689B9DED060B53EC8C
:10977000192B51EC100BFFF736FC53EC182BFFF7AD
:109780008BFB9DED060B41EC180B53EC192B51ECA8
:10979000100BFFF722FC53EC182BFFF796FCCDE9DA
:1097A00006010CE09DED060B032453EC102B9FEDFE
:1097B000580B51EC100BFFF788FCCDE906019DED2D
:1097C000060B53EC102B51EC100BFFF70CFC41EC8B
:1097D000180B53EC182BFFF706FC41EC190B4E4805
:1097E0000621B0EE490AF0EE690A784400F020FC48
:1097F00053EC182B51EC100BFFF7F5FB41EC180B59
:109800004648B0EE490AF0EE690A0521784400F0B6
:109810000FFC53EC192B51EC100BFFF7E4FB41EC60
:10982000100B51EC180B53EC102B002C0EDAFFF739
:1098300033FB9DED061B53EC112BFFF7D4FB9DED85
:10984000061B53EC112BFFF7CBFB35E0FFF724FB96
:109850009DED061B53EC112BFFF7C5FB41EC100BE4
:109860002F48784400EBC40090ED001B51EC100B26
:1098700053EC112BFFF7B1FB9DED061B53EC112BA5
:10988000FFF7ABFB41EC100B2648784400EBC4001B
:1098900090ED001B51EC100B53EC112BFFF7A0FBCC
:1098A00041EC100B002DA2BFBDEC068B02B070BDC9
:1098B00051EC100B81F0004141EC100B01E700006E
:1098C000000010440000F07F182D4454FB21F93FA4
:1098D000182D4454FB21F9BF0000DC3F0000203E5E
:1098E0000000F33F00000000000000000000F03F17
:1098F0000000E63F00000000000000000000004003
:109900000080034000000000000000000000F83F5D
:10991000000000000000F0BF9A1700005017000080
:10992000DA1600009216000010B52F499FED2C1B8F
:109930002DED020B84B0059820F000408842D8BF7E
:109940009DED040B2DDD2949884209D1049840B9C9
:109950004FF0010000F064FE00F032FE06B010BDD2
:1099600005DB9DED040B00F01FFE06B010BD684640
:109970009DED040B00F088F810F0030004BF9DED8E
:10998000021B9DED000B0CD001280ED09DED021B9B
:109990009DED000B022817D0012000F0C5FB06B09A
:1099A00010BD00F08DFA06B010BD9DED021B9DEDBF
:1099B000000B012000F0B8FB51EC100B81F00041CE
:1099C00006B041EC100B10BD00F07AFA51EC100B10
:1099D00081F0004106B041EC100B10BD000000000A
:1099E0000000000000000000FB21E93F0000F07FC4
:1099F0002DED020B019820F0004001909DED000B31
:109A000002B070470000000010B51D499FED1A1B01
:109A10002DED020B84B0059820F000408842DCBF99
:109A200001209DED040B21DD1649884209D10498DF
:109A300040B94FF0010000F0F3FD00F0C1FD06B0A9
:109A400010BD05DB9DED040B00F0AEFD06B010BDB2
:109A500068469DED040B00F017F800F001000121AD
:109A6000A1EB40009DED021B9DED000B00F0F4FB0F
:109A700006B010BD00000000000000000000000063
:109A8000FB21E93F0000F07F2DE9F14F04462DED69
:109A9000020B2DED088B8AB09FEDE70B80ED020BDA
:109AA000139EE74826F0004585420ADC9DED120B27
:109AB000002084ED000B0AB0BDEC088B03B0BDE8BC
:109AC000F08FE0489FEDE0AB9FEDE1BBA84247DDA2
:109AD000E14F9FEDE39B9FEDE48B9DED120B53EC6B
:109AE0001A2B51EC100B002E1CDDFFF776FA41EC1F
:109AF000100BBD4208D053EC1B2B51EC100BFFF7A1
:109B00006CFAC4E900010BE053EC192B51EC100B7B
:109B1000FFF763FA53EC182BFFF75FFAC4E9000173
:109B20000120C8E7FFF7B8F941EC100BBD4208D09F
:109B300053EC1B2B51EC100BFFF7AEF9C4E90001FD
:109B40000BE053EC192B51EC100BFFF7A5F953EC7C
:109B5000182BFFF7A1F9C4E900014FF0FF30AAE785
:109B6000C348A84279DB9DED120B51EC100B01F0BC
:109B7000BBF941EC180B9FEDC00B53EC102BFFF71A
:109B800032FA9FEDBF1B53EC112BFFF785F9FFF75E
:109B900029FB0746FFF708FB41EC190B53EC1A2B86
:109BA000FFF721FA53EC182BFFF71AFA41EC180BC8
:109BB00053EC1B2B51EC190BFFF715FADFF8C8A279
:109BC00041EC100B4FEA15580125FA4453EC102BC9
:109BD00051EC180BFFF701FA032DC4E900013DD049
:109BE000C1F30A5005EB4511A8EB00001139814281
:109BF00034DA0AEB051BB0EE48AA9BED000BF0EE41
:109C000068AA53EC102B51EC190BFFF7ECF941EC5F
:109C10001B0B51EC1A0B53EC1B2BFFF7DEF941EC3D
:109C2000180B51EC1A0B53EC182BFFF7D6F953EC29
:109C30001B2BFFF7D2F99BED020B41EC1A0B53ECF7
:109C4000102B51EC190BFFF7CEF953EC1A2BFFF741
:109C5000C4F941EC100B6D1CB8E70EE0002EA8BF54
:109C60003846BFF628AF94ED000B51EC100B81F095
:109C70000041C4E9000178421DE7C6F3130040F437
:109C8000801EC6F30A50A0F2F530471100F01F0500
:109C9000C5F12000DDF848B008900020069007903C
:109CA0000520EC467949002D07EB0002794408BFF6
:109CB00051F8221009D051F8223001EB8201AB405B
:109CC0004A68089922FA01F11943A1FB0E26A1FB6B
:109CD0000B131A449A4234BF0123002303EB0608F6
:109CE0000CEB8003D3E901A60E448E4234BF012160
:109CF000002192448A4411B1924502D903E0924571
:109D000001D2012100E00021C3E901A641444CF841
:109D10002010011EA0F10100C4DC029800F10050E7
:109D2000850F0298DDE903678000DDF81480FFF7F6
:109D30003BFA41EC1A0B3046FFF747FA9FED541BF4
:109D400053EC112BFFF74FF941EC1B0B3846FFF793
:109D50003CFA9FED511B53EC112BFFF744F941ECFA
:109D6000180B4046FFF731FA9FED4D1B53EC112BBA
:109D7000FFF739F941EC190B51EC180B53EC192B87
:109D8000FFF78AF853EC1B2BFFF786F853EC1A2BDE
:109D9000FFF782F8CDE90801002008909DED080B3F
:109DA00053EC1A2B51EC100BFFF717F953EC1B2B4C
:109DB000FFF713F953EC182BFFF70FF953EC192B9E
:109DC000FFF70EF99FED381B53EC112BFFF70BF942
:109DD0009FED370B41EC180B53EC102B9DED080B4E
:109DE00051EC100BFFF7FFF853EC182BFFF754F86A
:109DF0009FED310B41EC180B53EC102B9DED080B34
:109E000051EC100BFFF7EFF853EC182BFFF744F869
:109E100041EC100B139810F0004F06D06D4251EC3E
:109E2000100B81F0004141EC100B284684ED000B33
:109E300041E60000000000000000000000000000FB
:109E4000FB21E93F7CD9024000004054FB21F93F4F
:109E50003163621A61B4D03DFB21F93F000000007C
:109E60000000601A61B4D03D7370032E8A19A33BC1
:109E7000FB2139410000000083C8C96D305FE43F19
:109E8000000000000000E03F1A140000681300000A
:109E9000000000000000103E000000000000103C28
:109EA000000000000000103A182D4454FB21F93D39
:109EB0003326A611460B113C00000054FB21F93D4E
:109EC00010B52DED040B2DED088B82B0B0EE419A4C
:109ED000F0EE619A0B9820F000449FED4BABB4F18B
:109EE000795F11DA9DED0A0B51EC100BFFF77AF94F
:109EF000002801BFB0EE4A0AF0EE6A0A02B0BDECDB
:109F0000088B04BF04B010BD9DED0A0B53EC102B61
:109F100051EC100BFFF767F841EC180B3C48062199
:109F2000B0EE480AF0EE680A784400F081F853EC8D
:109F3000182B51EC100BFFF756F89DED0A0B41EC76
:109F40001B0B53EC192B51EC100BFFF74CF841ECA9
:109F5000190B53EC1B2B51EC180BFFF744F853EC87
:109F6000192BFFF73AF89FED2C0B41EC190B53EC32
:109F7000102B51EC180BFFF736F841EC100B28486A
:109F8000844210DA53EC192B51EC100BFFF725F833
:109F900053EC1A2BFFF724F841EC100B02B0BDEC88
:109FA000088B04B010BD1F48A042BCBF9FED1E1B14
:109FB0008DED001B06DBA4F5001001900020009041
:109FC0009DED001B51EC100B53EC112BFFF705F826
:109FD0009DED000B41EC180B53EC102B51EC1A0BC0
:109FE000FEF7FBFF41EC1A0B53EC192B51EC180B4D
:109FF000FEF7F3FF53EC1A2BFEF7F2FF41EC100BC8
:10A00000CCE7000000000000000000000000F03F6E
:10A010008C10000000000000000000000000E03F85
:10A020003333D33F0000E93F000000000000D23F7F
:10A0300070B504462DED028B4D1E00EBC500B0EE51
:10A04000408AF0EE608A90ED000B35F0060017D0E4
:10A0500053EC182B51EC100BFEF7C5FF41EC100B25
:10A060006D1E04EBC50090ED001B51EC100B53EC82
:10A07000112BFEF711FF41EC100B35F00600E7D174
:10A08000022D36D0042D1CD0062D1CBFBDEC028B3A
:10A0900070BD53EC182B51EC100BFEF7A4FF94EDA0
:10A0A0000A1B53EC112BFEF7F7FE53EC182BFEF7AF
:10A0B0009AFF94ED081B53EC112BFEF7EDFE41ECDB
:10A0C000100B53EC182B51EC100BFEF78CFF94ED9A
:10A0D000061B53EC112BFEF7DFFE53EC182BFEF79B
:10A0E00082FF94ED040B53EC102BFEF7D5FE41ECF0
:10A0F000100B53EC182B51EC100BFEF774FF94ED82
:10A10000021B53EC112BFEF7C7FE53EC182BFEF786
:10A110006AFF94ED001B53EC112BFEF7BDFEBDEC66
:10A12000028B41EC100B70BD31B504462DED040BD4
:10A130002DED0A8BB0EE41BAF0EE61BA0B989DEDB1
:10A140000A0B20F00040B0F1795F0DDA51EC100BF2
:10A15000FFF766FA042808BF00F042FA9DED0A0BEB
:10A16000BDEC0A8B05B030BD53EC102B51EC100B3D
:10A17000FEF739FF41EC180B9DED0A0B53EC182B41
:10A1800051EC100BFEF72FFF41EC190B2C48B0EEF1
:10A19000480AF0EE680A05217844FFF749FF9FED71
:10A1A0002ACBB0EE40AAF0EE60AA9CB353EC1C2B75
:10A1B00051EC190BFEF717FF41EC1C0B53EC1A2B5B
:10A1C00051EC190BFEF70FFF9FED210B41EC190B22
:10A1D00053EC102B51EC1B0BFEF705FF53EC192B26
:10A1E000FEF7FBFE53EC182BFEF7FDFE53EC1B2B8A
:10A1F000FEF7F3FE53EC1C2BFEF7EFFE9DED0A1B62
:10A2000053EC112BFEF7ECFEBDEC0A8B05B041ECD4
:10A21000100B30BDFFE753EC1A2B51EC180BFEF777
:10A22000E2FE53EC1C2BFEF737FE53EC192BFEF726
:10A23000DAFE9DED0A1B53EC112BFEF72DFEE3E732
:10A24000140F000000000000495555555555C5BF75
:10A25000000000000000E03FF1B506462DED040BC4
:10A26000BD482DED0C8B8AB0B0EE418AF0EE618ACC
:10A27000179D25F000449FEDBABB9FEDBBCB8442F8
:10A2800008DA9DED160B51EC100BFEF7ABFF002822
:10A2900000F0E980B64FA74231DC002D0DDA9DEDCC
:10A2A000160B51EC100B81F00041CDE9160151EC79
:10A2B000180B81F0004141EC180B9FEDAF0B53ECF4
:10A2C000102B9DED160B51EC100BFEF789FE53EC95
:10A2D000182B9FEDAB0BCDE9040151EC100BFEF7F1
:10A2E0007CFE41EC100B53EC102B9DED040B51EC5C
:10A2F000100BFEF7D1FD9FEDA48BCDE916019DED6E
:10A30000160B53EC102B51EC100BFEF76CFECDE945
:10A3100004019DED040B53EC102B51EC100BFEF7D8
:10A3200062FE41EC190B9A480621B0EE490AF0EEA4
:10A33000690A7844FFF77CFE9648B0EE40DAF0EE0A
:10A3400060DAB0EE490AF0EE690A06217844FFF7B8
:10A350006FFE9DED041B51EC100B53EC112BFEF71F
:10A3600042FE9DED040B41EC1A0B53EC102B9DEDBE
:10A37000160B51EC100BFEF736FE41EC190B53ECAB
:10A380001A2B51EC1D0BFEF787FD53EC192BFEF732
:10A390002AFE53EC182BFEF77FFD9DED041B53ECBA
:10A3A000112BFEF720FE53EC182BFEF775FD41EC48
:10A3B000180B9FED790B51EC190B53EC102BFEF79A
:10A3C00012FE53EC182BFEF767FD41EC190B9DEDC7
:10A3D000160B53EC192B51EC100BFEF75DFD41EC05
:10A3E000180BA74269DC3046FEF7DEFE41EC1A0B83
:10A3F00051EC180B53EC1A2BFEF74EFD41EC1B0BE6
:10A4000053EC182B51EC180BFEF7EDFD53EC1B2B06
:10A41000FEF75BFE53EC192BFEF7DFFD9DED161BDF
:10A4200053EC112BFEF7DCFD9FED5D1B53EC112B64
:10A43000FEF7D9FD53EC1A2BFEF7D2FD41EC180BB9
:10A44000022000EAA570C0F10100FEF7ADFE53EC5A
:10A45000182BFEF7C8FD00BF41EC100B0AB0BDEC95
:10A460000C8B05B0F0BD711C1698214308430CD02D
:10A470009DED160B012E1CBF53EC102B51EC1C0B49
:10A4800010D000BFFEF721FEE6E79DED160B51EC64
:10A49000100B00F029FD41EC100B51EC1B0B53ECA1
:10A4A000102BEFE751EC100BFFF7BAF8042808BFA8
:10A4B00000F096F89DED160BD0E7012E04BFB0EE2C
:10A4C000480AF0EE680AC9D08DED048B002404948C
:10A4D0009DED040B53EC102B9DED160B51EC100B66
:10A4E000FEF77EFD53EC192BFEF77AFD41EC190BBC
:10A4F00053EC182B51EC1C0BFEF7E7FD41EC180B4D
:10A500008DED008B00949DED040B53EC102B9DED15
:10A51000000B51EC100BFEF766FD53EC1B2BFEF706
:10A52000BBFC9DED000B41EC1A0B53EC192B51ECCD
:10A53000100BFEF758FD53EC1A2BFEF7ADFC53EC55
:10A54000182BFEF750FD9DED001B53EC112BFEF771
:10A55000A3FC81E7000000000000303E0000000086
:10A56000000000000000F03F000000000000F0BF0D
:10A570002894E53F00000000182D4454FB21E93FDA
:10A58000075C143326A6813C000000000000000098
:10A59000A20D0000B80D0000635555555555D53F27
:10A5A000000000000000004010B553EC102B51ECEF
:10A5B000100BFEF771FC41EC100B10BD0000000009
:10A5C0009FED050B10B553EC102B51EC100BFEF763
:10A5D0007CFD41EC100B10BD0000000000000000ED
:10A5E0009FED050B10B553EC102B51EC100BFEF743
:10A5F000FAFC41EC100B10BD000000000000001040
:10A6000002E008C8121F08C1002AFAD1704770473B
:10A61000002001E001C1121F002AFBD17047000099
:10A620000149086070470000300400202DE9FF5FF9
:10A6300082B00021DDE90430020DDDF840B00343B3
:10A6400018D044F61050A2F2FF324243151411986C
:10A6500001281FD0A5EB0B00401C5FEA000A4FF059
:10A6600000064E4FDFF83891B046504615D5CAF176
:10A67000000413E0119801244AA3012801D16FEAD4
:10A680000B010298119AC0E90031C0E9024206B0FC
:10A69000BDE8F09FCBF10000DFE704460021404A0F
:10A6A000491842EB0450CDE9001012E0E00707D052
:10A6B00032463B4640464946FEF795FC8046894671
:10A6C00032463B4610461946FEF78DFC06460F46BD
:10A6D0006410002CEAD1DDE90401DDE90023BAF1C0
:10A6E000000F06DAFEF77FFC42464B46FEF77BFC86
:10A6F00005E0FEF7EAFC42464B46FEF7E6FC044660
:10A700000E460022284BFEF7D1FD03D84FF0FF3054
:10A71000014607E00022254B20463146FEF7BCFBF0
:10A72000FEF704FF102409E0002C0ADB0A220023B4
:10A73000FEF706FE039B30321A55641E50EA0102F2
:10A74000F2D1641C039AC4F111031444119A012A32
:10A7500003D0012208430DD10AE0084304D00020B1
:10A760004FF0110B119072E7A3EB0B056D1E0DE07E
:10A770005B4504DD4FF0000205F1010504E003DA5A
:10A780004FF00002A5F10105002AECD002981199C2
:10A79000C0E90231C0E9004579E70000000014403B
:10A7A0000000F03F300000000000F0430000E03FF8
:10A7B0002DE9FF4F95B09B468946064600250FE2DE
:10A7C000252877D100242746F84A0121059400E086
:10A7D000044316F8013F203B01FA03F01042F7D181
:10A7E00030782A2811D06FF02F033078A0F1300292
:10A7F000092A16D8059A44F0020402EB820203EB00
:10A8000042021044761C0590EFE759F8042B05929C
:10A81000002A03DA504244F40054059044F0020444
:10A82000761C30782E2816D116F8010F44F0040457
:10A830002A280DD06FF02F023078A0F13003092BB9
:10A8400009D807EB870302EB4303C718761CF3E72D
:10A8500059F8047B761C30786C280FD006DC4C2825
:10A8600017D068280DD06A2814D104E0742810D0BD
:10A870007A280FD10DE044F400140AE044F4801467
:10A8800001E044F440147278824202D104F580144D
:10A89000761C761C307866280BD013DC582877D0CD
:10A8A00009DC002875D04528F6D04628F4D0472882
:10A8B0001AD19DE118E0632835D0642879D0652845
:10A8C00012D195E1702873D008DC6728F1D069288F
:10A8D0006FD06E280DD06F2806D1B5E073282CD02C
:10A8E000752875D0782874D05A46179990476D1CF2
:10A8F00075E1C4F30250022809D003280DD0D9F81D
:10A90000001004280DD00D6009F1040967E1D9F8A1
:10A910000010EA17C1E90052F6E7D9F800100D80DF
:10A92000F2E70D70F0E719F8041B8DF80010002015
:10A930008DF80100EA46012003E059F804AB4FF01E
:10A94000FF3061074FF0000102D40DE008F1010172
:10A950008846B9420FDA8045F8DB1AF8081000295A
:10A96000F4D108E008F1010188468142FADB1AF8C7
:10A9700008100029F6D105985B46A0EB0807214690
:10A980003846179A00F094FA284400EB080507E0CF
:10A990004DE029E10DE01AF8010B5A46179990474E
:10A9A000B8F10108F7D25B4621463846179A13E101
:10A9B00042E00A220092C4F302524FF0000A022A37
:10A9C00008D059F804CB032A4FEAEC710AD00DE005
:10A9D00029E02AE009F1070121F00702F2E802C1AB
:10A9E000914609E00FFA8CFC4FEAEC71042A03D17E
:10A9F0004FFA8CFC4FEAEC71002907DA0A46002175
:10AA0000DCF1000C61EB02012D2202E0220504D5ED
:10AA10002B228DF80420012203E0E20701D020223E
:10AA2000F7E7904659E00A2102E010220DE01021DC
:10AA30004FF0000A00910BE010224FF0000A44F0A2
:10AA400004040827009203E008224FF0000A009255
:10AA5000C4F30252022A05D059F804CB0021032A7C
:10AA600008D009E009F1070121F00702F2E802C16C
:10AA7000914605E01FFA8CFC042A01D10CF0FF0C72
:10AA80004FF00008220728D5702806D0009B83F0DD
:10AA9000100353EA0A0305D00EE040228DF804208B
:10AAA000012208E05CEA010206D030228DF8042081
:10AAB0008DF8050002229046009B83F0080353EABC
:10AAC0000A030AD15CEA010201D1620705D53022EE
:10AAD0008DF804204FF001087F1E582804D034A0C0
:10AAE00003900EA802900DE036A0F9E753466046A9
:10AAF000009AFEF725FC84460398825C0298401E6B
:10AB0000029002705CEA0100F0D1029806A9081ACE
:10AB100000F1200A600702D524F4803400E0012708
:10AB2000574502DDA7EB0A0000E0002000EB0A0118
:10AB3000009005984144401A0590E00306D45B4616
:10AB40002146179A059800F0B3F90544002706E05E
:10AB500001A85A46C05D179990476D1C7F1C474558
:10AB6000F6DBE0030CD55B462146179A059800F00A
:10AB70009FF9054404E030205A46179990476D1C10
:10AB80000099481E00900029F5DC08E0029802991F
:10AB90005A460078491C0291179990476D1CBAF1EA
:10ABA0000001AAF1010AF1DC65E1000009280100B9
:10ABB0003031323334353637383961626364656633
:10ABC00000000000303132333435363738394142F5
:10ABD000434445460000000000F058F90544761C47
:10ABE000307800287FF4ECAD19B02846BDE8F08F2E
:10ABF000620700D4062709F1070222F0070CFCE8DF
:10AC00000223E14603F000485FEA080C02D00FF28D
:10AC1000702C0DE05FEA045C02D50FF2682C07E0AF
:10AC20005FEAC47C02D00FF2602C01E0AFF2700C3E
:10AC30004FF0FF3823F00043CDF850C065280CD00A
:10AC400006DC452809D046281DD047283DD13DE0E7
:10AC5000662818D067287ED138E00021112F01DB4B
:10AC6000112000E0781CCDE9000106A90EA8FFF72D
:10AC7000DDFCDDE90F010E9A03910021009207F13E
:10AC8000010A04914DE04FF000400097CDE901101A
:10AC900006A90EA8FFF7CAFCDDE90F0203920E9B7E
:10ACA00011990022DDF80CA00093049211B9791CCF
:10ACB00000EB010AB7EB0A0004D4C0F1FF3007F142
:10ACC000010A0490AAEB0700019044E0012F00DA8A
:10ACD00001270021112F01DD112000E03846CDE9C8
:10ACE000000106A90EA8FFF7A1FCDDE90F010E9AED
:10ACF0000391002104910092BA4621070CD40399D4
:10AD0000514500DA8A46BAF1010F05DD009AAAF131
:10AD10000101515C302908D0B84202DA10F1040F69
:10AD200006DA0121CDE9011015E0AAF10101E9E7F8
:10AD3000002805DC049901440491AAEB000102E01B
:10AD4000411C514500DD8A460499401A401C01907F
:10AD50004FF000400290200704D40198504501DBD9
:10AD6000CDF8048000208DF84F0002980DF14F07B8
:10AD7000B0F1004F25D02B200E9002984FF0020822
:10AD800000280CDA404202902D200E9007E00A21A4
:10AD90000298FEF7BFFA3031029007F8011DB8F1B2
:10ADA0000001A8F10108F2DC02980028EFD1791E19
:10ADB0000E980870307800F0200040F0450007F849
:10ADC000020D12A8C01B00F107081498007800B10A
:10ADD000012000EB0A01019801EBE0710598414464
:10ADE000401A401E0590E00306D45B462146179AA0
:10ADF000059800F05DF805441498007818B15A469B
:10AE0000179990476D1CE00324D55B462146179A9D
:10AE1000059800F04DF805441CE00498002807DB75
:10AE2000DDE90301884203DD0098405C179901E0E9
:10AE3000179930205A469047049805F10105401CA7
:10AE400004900198401E019004D12E205A46179973
:10AE500090476D1CBAF10001AAF1010ADDDC05E0A2
:10AE600017F8010B5A46179990476D1CB8F100016D
:10AE7000A8F10108F4DC5B462146179A0598ABE679
:10AE80002D0000002B000000200000002DE9F04103
:10AE9000044600251E461746880404D405E03946BA
:10AEA0002020B0476D1C641EF9D52846BDE8F0810E
:10AEB0002DE9F041044600251E469046C80301D501
:10AEC000302700E02027880404D505E041463846B5
:10AED000B0476D1C641EF9D52846BDE8F0810A68AC
:10AEE000531C0B601070704782B0CDE9000121F057
:10AEF000004001909DED000B02B051EC100B70472B
:10AF00004AD8124DFB2109404AD8124DFB21094075
:10AF10004AD8124DFB2109404AD8124DFB21094065
:10AF20004FBB610567ACDD3F182D4454FB21E93F61
:10AF30009BF681D20B73EF3F182D4454FB21F93F50
:10AF4000E2652F227F2B7A3C075C143326A6813CD6
:10AF5000BDCBF07A8807703C075C143326A6913C81
:10AF6000C4EB98999999C9BF711623FEC671BCBFED
:10AF70006D9A74AFF2B0B3BF9AFDDE522DDEADBF55
:10AF80002F6C6A2C44B4A2BF0D5555555555D53F6D
:10AF9000FF8300922449C23F6E204CC5CD45B73F88
:10AFA000513DD0A0660DB13FEB0D76244B7BA93F00
:10AFB00011DA22E33AAD903F4C5555555555A53F12
:10AFC0007751C1166CC156BF9015CB19A001FA3E3E
:10AFD000AD529C804F7E92BEC4B1B4BD9EEE213E68
:10AFE000D43888BEE9FAA8BD00004054FB21F93FDF
:10AFF0003163621A61B4D03D0000601A61B4D03D83
:10B000007370032E8A19A33B0000002E8A19A33BFC
:10B01000C14920259A837B39000000000000000010
:10B020006E83F9A22915444ED15727FCC0DD34F5B3
:10B03000999562DB4190433CAB6351FE61C5BBDE39
:10B040003A6E24B7E0D24D42EA2E49061C92D1094D
:10B050001CEB1DFE3EA729B1F53582E88444BB2ECA
:10B0600026709CE9417E5FB439D69139F439538317
:10B070008B5F849C3B28F9BDFF97F81F0F9805DE76
:10B080008B112FEF1F6D0A5ACF7E366DB709CB2774
:10B09000663F464F2DEA5F9EC7BA27757BF1E5EB09
:10B0A000F739073DEA92528AB15FFB6B085D8D1F4D
:10B0B000A6F810111111813FD561C119A0012ABF55
:10B0C0007DFEB157E31DC73EEB9C2B8AE6E55ABED9
:10B0D0007CD5CF5A3AD9E53D7AFE10111111C13F06
:10B0E00037D60684F464963F280356C9226D6D3F17
:10B0F0000165F2F2D844433FA69237A0887E143F00
:10B10000735360DBCB75F3BEFE41B31BBAA1AB3FFB
:10B1100093846EE9E326823F1583E0FEC8DB573F48
:10B1200068108D1AF726303FE9A7F0320FB8123FAA
:10B13000D47ABF74702AFB3ED7DCBDC7B6C82025C1
:10B140002E33662020D7DCCBD9B6C820252E336617
:10B1500020BDC7B6C83A20D7F3C7B0252E33662026
:10B1600020D7F3BAF3252E336620D3D2C7B0252ECD
:10B17000336620D3D2BAF3252E336620CBD9B6C896
:10B18000A3BAD7F3C7B0252E336620D7F3BAF32579
:10B190002E33662020D3D2C7B0252E336620D3D2DB
:10B1A000BAF3252E336620B5E7B3D8252E336620B3
:10B1B000C9B2B3B5252E336620D7AACFF220252EEB
:10B1C000336620C7B0BDF8252E336620BAE1CFF232
:10B1D0002025640D0A000000F8B1000800000020DE
:10B1E0003404000080950008B0B300083404002047
:10B1F000FC0B000010A600085154E897404BECA34C
:10B20000085BB8A5083C9540330113D33F220119D0
:10B210000311237017600D33331340D7A3703D0A19
:10B22000D7F33F5812F03FB00570C510E5F03F1658
:10B230004E1E4A824AF2184A7948B12809553711F8
:10B240005CB2D3E33F4C4148087AE9263108AC8C24
:10B2500030847A030A000910010203040607080972
:10B260006938E90C01165AF0880113493D2808C1D4
:10B27000814001C0804104690C2908E918A91C0912
:10B280001A30091638093660092E70092F6000FF40
:10B2900000C0C101C30302C2C60607C705C5C40476
:10B2A000CC0C0DCD0FCFCE0E0ACACB0BC90908C8E6
:10B2B000D81819D91BDBDA1A1EDEDF1FDD1D1CDCD6
:10B2C00014D4D515D71716D6D21213D311D1D01046
:10B2D000F03031F133F3F23236F6F737F53534F436
:10B2E0003CFCFD3DFF3F3EFEFA3A3BFB39F9F838A6
:10B2F00028E8E929EB2B2AEAEE2E2FEF2DEDEC2C96
:10B30000E42425E527E7E62622E2E323E12120E005
:10B31000A06061A163A3A26266A6A767A56564A4F5
:10B320006CACAD6DAF6F6EAEAA6A6BAB69A9A86865
:10B3300078B8B979BB7B7ABABE7E7FBF7DBDBC7C55
:10B34000B47475B577B7B67672B2B373B17170B0C5
:10B3500050909151935352929656579755959454B5
:10B360009C5C5D9D5F9F9E5E5A9A9B5B9959589825
:10B37000884849894B8B8A4A4E8E8F4F8D4D4C8C15
:10B380004484854587474686824243834181809233
:10B3900040690A590863F83F5AF008012205983EAF
:10B3A000493E492D0102030404054406070809002B
:040000050800018965
:00000001FF
